一刻talks,信任,考验,领导力
梨,视频,超燃,军训,汇演,花式,表白,祖国
懂,老师,计划,写
梨,视频,山东,迎7,双胞胎,老师
精彩,点评,阻碍,成功,恍然大悟
英语,演讲,视频,精选,TED,演讲,长期,休业,重回,职业,轨道
梨,视频,家长,送,新生,报到,宿舍,里,泪拥,祝福
小学,数学,园地,数学,年级,奥数,辅导,微课堂,简洁,方式,理解,道
红星,视频,直播,群,成都,幅,写绘,感受,节气
梨,视频,巧,新生,穿,雨衣,军训,女,停
孙,逸豪,视频,空间,江苏省,泰州,开学,典礼,高三,学生,代表,发言
培优,课堂,教学网,数学,培优,课堂,角,计算,P115,微课
荔枝,新闻,丹阳,岁,南朝,石刻,遭,盗拓,涉事者,竟是,高校,学生,老师
精彩,点评,清华,教授,吴,国盛,未来,复兴,科学,关键
梨,视频,岁,退休,老师,义务,辅导,学生,放大镜,检查
中青网,教育,男生,表演,舞蹈,极乐,净土,身旁,女生,表情,亮
梨,视频,高校,开学,学生,发校,徽,月饼,袋,口味
人文,清华,清华,讲坛,尹鸿,电影,配,时代,精剪版
英语,演讲,视频,精选,TED,演讲,著名,建筑,背后
梨,视频,少年,写,家书,感谢,民工,父亲,字字,暖心
知识,问答,做好,销售,方法
小学,数学,园地,数学,年级,奥数,辅导,课堂,利用,线段,图,理解,解决,倍
福建,综合,频道,第一,帮,帮团,高考,讲究,学习,方法,摆,学习,态度
知识,殿堂,考研,英语,英语
梨,视频,幼师,教师节,办,婚礼,萌娃,组团,送,惊喜
申培,智慧,申培,智慧,材料商,联盟,客户,利益,共享,合作,共赢
三乐大,掌柜,学堂,数学,常规,方法,做
知识,分享,万用表,测频率
梨,视频,震撼,高校,新生,展示,平米,巨幅,国旗,祖国,献礼
奇趣,公务员,考试,组,图形,推理,出,问号,处,图形
范,大姐,帮忙,涨价,钱,应,涨价
精彩,点评,金灿荣,搞,芯片
尼尔,知识,学堂,喜鹊,事情
梨,视频,校徽,校训,印月饼,传月饼,走红,购买,需,排队,共,口味
梨,视频,美,开学,礼物,美术,老师,花,天,教室,天花板,画,星空
三乐大,掌柜,学堂,考数,学题,求a+b+c,值,做,学生
知识,分享,初中,数学,解题,技巧
江西,卫视,刘,仁堪,政府,成立,演讲,土豪,田地,越过,越,!
高数,叔,高数,基础,章,夹逼,定理
点睛,数学,必胜,章节,图形,考点6,差法,解图,形题
知识,课堂,ps,旋转,图片,留下,白边
知识,分享,立方米,立方
点睛,数学,必胜,专栏,章,数,代数,考点2,整数,倍数,型
积分制,管理,事,张,总,媒体,专栏,做好,幕后,镜头,带,探
梨,视频,劳模,严,歌苓,现代人,脸上,写,满,焦虑,天,肉体,天,留给,精神
三乐大,掌柜,学堂,升初,初中,知识,知,n05,n
三乐大,掌柜,学堂,公务员,考试,常,识题,植树节,纪念,位,定
三乐大,掌柜,学堂,难倒,数学,拔,高题,仅,知圆,直径,求,面积
三乐大,掌柜,学堂,公务员,图形,推理,逻辑,推理,选,B,错上加错
三乐大,掌柜,学堂,年级,数学,条,绳子,米,剩下,条,绳子,原长
酷酷,奇葩,蒋,宿舍,晒,拍照,身后,宿舍,环境,真实,众生,平等
一手,Video,宣传员,写,消防,推广曲,女儿,唱,成,网红
三乐大,掌柜,学堂,全国,初中,数学,竞赛,脑筋,方法
换,角度,面对,清华,驾驶车,设计,理念
轻舞,飞扬,花,学习,强弱,先天,学习,态度
三乐大,掌柜,学堂,年级,数学,路,长,米,熊,走,米,天,走,完
玲玲,爱,时尚,chrome,浏览器,修改,路径
梨,视频,高校,宿舍,快递箱,堆,成山,清洁,学生
上游,视频,科学院,院士,张景中,重庆,试点,知识,解决,高中,数学
腾讯,新闻,问答,时光机,时光机,丨,成年人,开心,功成名就,说,难
杨艾伦,课堂,记住,英语,单词,系列
乐器,空间,主题,发言,音乐,教育,思考
新京报,山东,幼儿园,老师,猛踹,女童,园方,称,开除,涉事,老师,家长
迷离君,颜,老师,高风亮节,家属,素质
梨,视频,学校,共和国,首届,校友,返校,讲述,年间,变化
3号,球员,金灿荣,西方,老,警惕
三乐大,掌柜,学堂,公务员,考试题,山重水复疑无路,柳暗花明又一村,诗
谈笑,间,求,告知,父母,孩子,沟通,越来越,难
腾讯,新闻,财约,财约,丨,差,清华,教授,开口
冯,老师,设计,视频,教程,ps,教程,制作,撕纸,效果
南京,全,资讯,父母,孩子,教育
爱,电影,瀚海,行政,考研,时,干
孙,逸豪,视频,空间,泰州,孟,星沅,班会,课,热门,电影,谈及,校园,欺凌,话题
三乐大,掌柜,学堂,全班,数学,考试,学霸,老师,讲解,跑题,没,孩子,听,懂
令,心动,offer,抢先,课题,法律,援助,实习生,面对,真实
令,心动,offer,抢先,位,实习生,法律,援助,赢得,胜利
知识,分享,女儿,英语,说
学,友宝,教育,维护,职场,形象,礼仪
熊,爱,吃,喜羊羊,白岩松,演讲,天生,掉,馅饼,掉,铁饼,学会,理性
知识,殿堂,保健,医生,考
三乐大,掌柜,学堂,找,规律,记住,奥数,知识点,做
知识,课堂,pr,导出,视频
知识,分享,电工,万能表,方法
时间,视频,吃遍,国家,美食,高校,国际,学生
三乐大,掌柜,学堂,求BD,值,考数,学题,知,AB=4,AC=2,D,BC
三乐大,掌柜,学堂,美国,竞赛题,学霸,老师,解题,思路,技巧
知识,分享,研究生,报名,报考,单位
三乐大,掌柜,学堂,公务员,考试,真题,高原,盆地
知识,课堂,年级,计算,计算
小学,数学,园地,数学,年级,辅导,课堂,简单,孩子,做错
扒,卦,班上,位,学生,唱,赢,江湖
知识,分享,国家,奖学金,申请,条件
三乐大,掌柜,学堂,公务员,考试,常识,著有,农村,著名,位
北漂,结束,老杜,腹黑,职场,升职,加薪,永远,轮,老实人,做,认可
知识,殿堂,年级,数学,相遇,公式
知识,殿堂,事业编,合同工,区别
三乐大,掌柜,学堂,年级,数学,根,木棍,长,米,米,短,米
明哥,聊,求职,面试,时,HR,问,公司,薪水
梨,视频,谢师恩,学生,做,贺卡,送,老师,辛苦
笑,日落,无限,学会,断舍,帮,职场,飞
小学,数学,园地,年级,数学,奥数,学习,辅导,次,取出,千克数,差,倍,差
小学,数学,园地,年级,奥数,学习,辅导课,学习,计算,倍数,关系,常
孙,逸豪,视频,空间,陕西,师范大学,实习生,省,泰中,学生,见面,指导,老师,韩涵,讲话
清晨,明露,降价,毁掉,成交,做,销售,应对,客户,讨价还价
侃,娱乐,红香,长,时间,雪地,病,晚
高数,叔,高数,基础,章,泰勒,公式,求,极限
动漫,天空,李玫瑾,家长,孩子,发生,时,调整,听,受益匪浅
姐,霸气,驾驭,不住,ede,努力,伞,孩子,努力,奔跑,抖音,助手
点睛,数学,必胜,专栏,章,数,运算,考点,混合,运算
知识,殿堂,请问,拼音d,读法
知识,课堂,word,删除,整页
三乐大,掌柜,学堂,道,竞赛,简单,计算,困难,巧,线段法,解决
尘,脱口秀,妻子,情人,红颜知己,算
小学,数学,园地,年级,奥数,辅导,课堂,全班,没,答对,解题,技巧
海丰县,广播,电视台,红色,彭,湃烧,田契
邓,嘉威,娱事,excel,位置,齐
梨,视频,迟到,道歉,常,老师,年后,老师,说
知识,殿堂,动能,公式,公式
迷离君,颜,媳妇,晚上,辅导,孩子,写,怀疑
高数,叔,高数,基础,章,渐近线
知识,分享,竖式,运算,算
小学,数学,园地,数学,年级,辅导,课,相,难度
三乐大,掌柜,学堂,数学,竞赛,奇数,数字,求,奇数
新京报,浙江,余姚,遭,垃圾,围校,家长,臭味,令,窒息,孩子,捂鼻
青流,视频,感动,教育,师生,手语,歌唱,祖国
三乐大,掌柜,学堂,脑力,测试,字,添,笔画,想到,字,测试,准
动漫,天空,李玫瑾,教授,父母,带,孩子,带来
小英,总,感到,孤立无援,认可,原因
知识,殿堂,质数,合数,平方,积是
知识,课堂,pr,视频,添加
梨,视频,高校,科研,团队,设计,出,秒,处置,工业,废水
知遇,城,知遇,城,丨,喊,逃离,北上,广,拼命,留下,搬砖
书,第2,季,官方号,懵懂,校长,台上,演讲,汤姆,女生
人文,清华,清华,教授,张明楷,司法,考试,通过率,高,建议,加大,考试,难度
三乐大,掌柜,学堂,脑力,测试,趣味,竞赛,考住
姐,霸气,驾驭,不住,ede,Windows,乌克兰,安装
知识,课堂,身边,优秀,教师
视,视频,编程,技能,更,教会,孩子,利用,编程,思维,解决
莱阳,在线网,莱阳,立东,艺术,培训,学校,张紫涵,宝贝,宝贝
知识,分享,语文,知识,排,句
上游,动漫,猪,猪,Fun送,听,Piggy,学,英语
知识,分享,电路,电流,关系
梦祭,天,硬核,李安,导演,真情,流露,畅谈,学习,超有用
知识,问答,录,面试,常见
知识,分享,化学,平衡,常数,计算,单位
三乐大,掌柜,学堂,常识,成语,青红皂白,皂,颜色
三乐大,掌柜,学堂,年级,数学,巧算,位数,位数,计算,学霸,老师,速算,方法
精彩,点评,李玫瑾,教授,孩子,岁,抚养,受益
抖芽,视频,老师,带,学生,游乐园,学生,玩,拳皇,游戏,学渣,输
令,心动,offer,受害方,防卫,知识点
爆蕉,奇闻,硬核,老师,学生,玩,手机,老师,没收,浇水,反
高三,学生,发明,电动,圆规,画,扎手,全班
三乐大,掌柜,学堂,初二,数学,培优,方法,降幂,简单,步骤
三乐大,掌柜,学堂,初中,数学,期末,考试,搞,错,关键,条件,关键,代换
宜生,书法,书法,蕴含,知识点,老师,讲,永远
三乐大,掌柜,学堂,祖冲,杯,竞赛题,蓝色,红色,面积,更
视觉,体验,需求,解决,答案,简单,字
三乐大,掌柜,学堂,初中,竞赛,简单,弄懂,思路,事儿
PS,高手,速成,ps,教程,想要,线稿,福喽,ps,快速,提取
三乐大,掌柜,学堂,公务员,考试,常识,根,弦
动漫,天空,仕强,教授,找到,合适
鑫鑫,农村,闰,山东,闰月,讲究
四方,永恒,国考,申论,高分,技巧
西安,电子,科技,大学,西电,学霸,采访,采访
曲洲,老师,画,卡通,卡通,教,画出,甜美,女生
精彩,NBA,深度,马刺,年级,生朗尼-沃克,童年,时,贫苦,波折
浙样,红养生,脑积,水指,脑脊液,循环
搞笑,演讲,技巧,职场,必
每日,学,知识,简历,模板,写
动漫,天空,李玫瑾,教授,孩子,百依百顺,妈妈,养育,出,逆子
芥末,堆,GET2019,教育,科技,宣传片
扒,卦,老师,活跃,气氛,教室,跳舞,福利
知识,课堂,设置,表格,读,模式
三乐大,掌柜,学堂,脑力,测试,颗,糖,颗,糖,颗
三乐大,掌柜,学堂,层,根式,求值,难度,系,数五,颗,星,学霸,老师,神,操作
育儿,宝宝,食谱,英国,幼儿园,学费,贵,妈妈,选择,全职,带,孩子
静静,S,王,爱,生活,游戏,wps,表格,教学,神奇,ctrl,键,完,涨,知识
梨,视频,加大,心脏,急救,课程,心脏,复苏,救回,父亲
三乐大,掌柜,学堂,公务员,考试,常,识题,馒头,发明,曹操
哭,字,概括,刘同,竟,写,悔,隐情
大洋洋,英语,句子,背
令,心动,offer,公共,场所,王律,保护,隐私,秘诀
三乐大,掌柜,学堂,初中,数学,竞赛,换,思维,方式
姐,霸气,驾驭,不住,ede,改变,改变,励志,抖音,助手
贱贱,词,贱贱有词,雅思,开课
曷维其亡,年级,国庆,手抄报,绘画,简单,学
梨,视频,届,进博会,进博会,安防,护航,黑科技
三乐大,掌柜,学堂,公务员,考试,常识,部,纪传体,通史
动漫,天空,李玫瑾,教授,家长,孩子,带来,心理,伤害
三乐大,掌柜,学堂,公务员,考试,常,识题,尤西比奥,国家,球星,西班牙
熊猫,熊,快速,ps,教程,学会
三乐大,掌柜,学堂,初中,数学联,考题,思路,真的,难
离落,荼靡,超级,适合,懒人,必备,求职面,试妆,出门,面试,画,美美,妆啦
勤学乐,武术,一家人,星娄,武术,操,段,动作,教学
爆蕉,奇闻,提供,课后,延时,服务,家长,元,做,高效
知识,课堂,圆锥,底,面积,公式
么么,复旦,教授,演讲,幸福感,值得,深思
g雏,范,杨振宁,陈,省身,面前,幼稚,语言
三乐大,掌柜,学堂,m05=m+1,n05=n+1,m≠n,求,m06,n06,解析,纯属,送
搞笑,动漫,自珍,效率,更,高,excel,技巧
知识,分享,网易,云ncm格式,转换
梨,视频,西安,交大,师生,发,元,国庆,加餐券,学生,节假日,发
梨,视频,音乐,老师,快板,学生,直呼
知识,分享,word,快速,删除,空白,页,方法
知识,分享,申请,淘宝,客服
梨,视频,感人,老师,需,心脏,移植,网友,筹,学生,发回,祝福
小学,数学,园地,年级,数学,学习,课堂,利用,倍数,关系,求解,灵活
三乐大,掌柜,学堂,北京,数学,考压,轴题,留意,条件,学霸,方法,巧妙
姐,霸气,驾驭,不住,ede,Windows,斯巴达,混音
精彩,点评,白岩松,演讲,吃饭,维护,肉体,健康,读书,精神,健康
一刻talks,劳动力,数智化,转型
知识,分享,鸡兔,解决,方法
精彩,点评,白岩松,演讲,物质,条件,感到,幸福
人文,清华,钱易,院士,环境,继承
时间,视频,变身,钢铁侠,杭州,穿,机甲,军训
知识,殿堂,英语月份,缩写,形式
知识,分享,质量,数值
玩转,充电线,袁,老师,演讲,科技,迅猛,发展,科技
时间,视频,厨师,写,诗,千,首,食堂,发表,窗口
木棉,说,演讲,木棉,说,期,演讲,教育,写作,生活,方式
三乐大,掌柜,学堂,升初,必,考,百分数,模型,限时,解答
知识,课堂,快速,学好,普通话
想,展翅高飞,李健,清华,精彩,演讲,老,受教
三乐大,掌柜,学堂,公务员,脑力,测试,光头强,天,砍,棵,树,天,砍,棵
知识,殿堂,健康
知识,课堂,电工,接线,方法
知识,课堂,英语,专业
三乐大,掌柜,学堂,初中,竞赛,学霸,老师,妙招,轻松,解决,解题,真的,技巧
政,电视台,铁山,祝福,祖国,华诞
清晨,明露,电话,销售,加班,高效,安排,天
点睛,数学,必胜,专栏,章,数,运算,考点7,简便,运算,字,母代,换,法题型
科技,叔叔,外国,老师,学生,数学,虐惨,脸色,绿
塔沟武者,少,林塔沟,教育,集团,届,运动会,闭幕式
时间,视频,西安,韦博,英语,停止,学员,家长,聚集,退款
知识,分享,全国,英语
大熊,讲,讲,聋人,职场,聋人,难,找到
知识,殿堂,假,真
知识,分享,互为,数形,数,定义,解释
知遇,城,知遇,城,丨,高三,学生,讲,课,孩子,校门口,走,丢多,年,未,找到
梨,视频,招生,歧视案,裁定,歧视,亚裔,学生
职风,范,职风,范,国学,职场,智慧
荔枝,新闻,剁手,退货,犯,难,收到,满意,货咋办,消保委,教,维权
汇话,人生,专家,解答,心脏,搭桥,血管,搭建,座,桥
三乐大,掌柜,学堂,年级,差,抛弃,原有,固定,解法,换,创意,思路
三乐大,掌柜,学堂,公务员,考试,常识,动物,轻松,制服,刺猬,羊
三乐大,掌柜,学堂,公务员,考试,常识,猴子,抓背,身上,抓,吃
高数,叔,高数,叔,英语,翻译,句式
动漫,天空,张雪峰,专业,解读,全日制,非,全日制,区别,涨,知识
珍惜,TED,演讲,改变,年,时间,恐惧,支配
知识,课堂,升本,条件
三乐大,掌柜,学堂,智力,测试,思维,观察,犯错
amitofo789,净宗,法师,界念,佛人,极乐人
三乐,学院,年级,数学,路,长,米,熊,走,米,天,走,完
姐,霸气,驾驭,不住,ede,Windows,Server,意大利,安装
添亿,广韵,俞,老师,讲述,男人,改变,现状,翻过,座,山,心中,片,海
三乐大,掌柜,学堂,数一数,简单,数,信,数
令,心动,offer,身边,职场,怪物,papi,废柴,心理,希望,顶
芒辰,互联网,双创,系列,访谈,海南,旅创,沈曼
第一,桶,金,学派,带,团队,懂得,技巧
狂野,杂志,开头,激情,舞蹈,音乐,响,全,广场舞
叶子,笑笑,ps,教材,单一,背景,快速,水印
爱,爱,走,好不,教,ps,快速,矫正,学会
ps,大咖,ps,教程,简单,步,学会,站,图片,合成,张
汐颜,初心,俞,凌雄,产品,适合,网上,销售,句,话
三乐大,掌柜,学堂,英国,竞赛题,含有,未知数,方程,难度,稍微
三乐大,掌柜,学堂,初中,p+q=4,pq,求p,q次方,值
小学,数学,园地,数学,年级,课外,辅导,提优,课堂,理解,总量,变,轻松,解题
小凡,读书,干货,增加,收入,入手,频繁,跳槽,更
艺述史,领导,句,话,夸,套路,听听,行
三乐大,掌柜,学堂,公务员,考试,真题,早,神话
微语,东来,教师,资格证,面试,教案,批评,时,回答
荟捧场,商米,葫芦,里,卖,药,听听,林哲,说
祯哥,聊趣wen,演讲,破冰,方法
杨蕊冰,娱事,excel,批量,删除
杨艾伦,课堂,句,英语,句子,背,系列
小英,心存,感恩,父母,天恩
三乐大,掌柜,学堂,公务员,考试,常识,古都,称为,古都
三乐大,掌柜,学堂,心理,测试,直,觉选,吸引,面包,测,年底,事
知识,课堂,议论文,结尾,写
小喵,闲聊,创业,企业,利,弊
志愿,填报,找,勋哥,博导,发问,告诉,新,高考,生物,加,历史
三乐大,掌柜,学堂,公务员,考试,真题,行测,数量,关系,奥数,里,常,碰到
清晨,明露,销售,心态,篇,排除,销售,乞丐,心理,平等,客户
三乐大,掌柜,学堂,公务员,推理,高,解答
知识,课堂,幂函数,定义域,值域,求
三乐大,掌柜,学堂,数学,老师,讲,道,年级,网友
知识,分享,简历,书写
清晨,明露,新人,销售,快速,出单,努力,运气
三乐大,掌柜,学堂,脑力,测试,米,深,竹竿,插入,湖中,露出,水面,米,求,湖水,深
知识,课堂,知识,课堂,丨,Excel,表格,关联,数据,合并
动漫,天空,张雪峰,全日制,非,全日制,学历,含金量
爱,棋道,王若然,职业,段,养成,习惯,棋力,步
知识,殿堂,报考,心理,咨询师
三乐大,掌柜,学堂,初一,数学,必考,期末,绝对值,典型,学霸,老师,教,理清,数字,关系
知识,殿堂,君子,藏器于身
三乐大,掌柜,学堂,数学,求,图形,代表,数字,方法,简单,想到
知识,殿堂,想,更,更,高级,说法
一刻talks,品牌,产品,广告,越来越,难,做,更,愿,买单
凤鸣,人文,大观,学生,军训,转向,前转,终于
知识,分享,燃烧,热,定义
知识,分享,举报,偷税,漏税
知识,殿堂,电压,概念,单位,换算
知识,分享,请问,超大,传输
动漫,天空,张雪峰,专家,透透,网友,张,老师
时间,视频,高校,机花式,表白,祖国,架,空中,建,长城
知识,课堂,请问,形容,身材,词语
摄影,黑客,乳山,银滩,童星,亲子,风筝乐
晨播,上市,公司,观察,创业,职场,生涯,赏识,老板,请,做
三乐大,掌柜,学堂,公务员,考试,真题,国,国,秦,灭,寥寥无几
三乐大,掌柜,学堂,发散,思维,算
知识,问答,录,求职,简介,写
缘,誓,程序员,面试,HR,征服
知识,分享,幼儿,篮球,教,合适
知识,课堂,请,问i,声调,读
麦科,文化,尼古丁,控制,司令部,成瘾,记忆,戒烟,难,原因
梨,视频,顶水瓶,夹,扑克,学狼,盘点,高校,花式,军训,教官,点评,亮
造就,专访,诺奖,获得者,乔治・斯穆特,AI,定义
新华社,新闻,初入,职场,知晓,试用期,工资
小豆,电工,知识,接触器,继,电器,区别,区分,实物,讲解
梨,视频,高校,国庆,福利,元,学生,成,学校,孩子
点睛,数学,必胜,专栏,章,考点5,简便,运算题,裂,项,法题型
知识,殿堂,计算,公式,东西
知识,分享,photoshop,快速,换,背景
leo,张,大志,问答,招聘
三乐大,掌柜,学堂,初中,数学,绝对值,理解,绝对值,含义,方法,简单
三乐大,掌柜,学堂,初中,培优,数学,做,凤毛麟角
三乐大,掌柜,学堂,公务员,考试,常识,蝴蝶,翅膀,粉末,防水
孙,逸豪,视频,空间,省泰,邰F,老师,高一,课
三乐大,掌柜,学堂,浙大,附中,招生题,学霸,老师,解答,做
梨,视频,喜迎,国庆,新生,军训,汇演,摆,数字
三乐大,掌柜,学堂,册求,整数,解,学霸,说
知识,课堂,资格证,考
抖芽,视频,学生,考试,考,老师,想出,奇葩,惩罚,措施,太
佳来,学院,佳来,学院,NLP,执行师,毕业,演讲,陈高辉
小豆,电工,知识,交流,接触器,属性,M5,F6代表,实物,讲解
功夫者,摩桥功,饿虎擒羊,课程,讲解
三乐大,掌柜,学堂,智力,面试,环节,方
腾讯,新闻,商业,地理,商业,丨,毕业,找,偏,玩虫,办,昆虫展,父母,支持
梨,视频,跨界,考研生,物理,生跨,专业,考,书法,研究生,总,说,奇葩
三乐大,掌柜,学堂,全国,初中,竞赛题,常数,未知数,学霸,老师,思路
60s,解答,食品厂,许可证,办理
叹,科学,外国人,学会,军训,惊,合不拢,军队
知识,分享,编辑,知识,压缩
武汉,大学,中南医院,赵秋,食源性,疾病
三乐大,掌柜,学堂,平均,身高,厘米,身高,厘米,求,矮,身高
三乐大,掌柜,学堂,年级,数学,位数,位数,算式
三乐大,掌柜,学堂,初中,数学,求,整数,解,先,化简,关键,方法
动漫,天空,张雪峰,学,专业,高中,选,物理
脱口秀,余生,孩子们,操心,担心,孩子,老去
知识,殿堂,质量,计算
企管,红哥,职场,冷,暴力,脱围,教,方法,轻松,解围
三乐大,掌柜,学堂,方法,碰到,高次,游刃有余
小学,数学,园地,年级,数学,课外,辅导,提优,课堂,移多,补少,推法
令,心动,offer,实习生,提交,立场,选择,唯一,刑,侦学,薛俊杰,留下,研究
姐,霸气,驾驭,不住,ede,PC,WPS,重置,插件
定州,论坛网,祖国,新华,版
令,心动,offer,诉讼,律师,非诉讼,律师,区别
幽魂,初心,岁,学生,老师,抱,萌萌,样子
玩唱会,托米,年度,舞帝,团结
三乐大,掌柜,学堂,印度,数学,竞赛题,没,学好,平方差,平方式,难,做
梨,视频,高校,老师,带,新生,军训,教官,军人,情结
爱,棋道,围棋,教育,爱,棋道,王,老师,讲解
梨,视频,高校,军训,汇演,女生,表演,匕首,操,女生,硬气
知识,分享,Excel,插入,图片
知识,问答,录,提升
小学,数学,园地,年级,数学,课外,辅导,提优,找到,出错,原因,提高,解题,关键
记忆,荏苒,时光,辗转,成泪,江山,遇上,脸脸,付,梦妮,直呼,掉,掉
蒙面,女侠,紫蝶,房产,销售,事情
知识,殿堂,工程,数学,线性,代数
科学家,iScientist,科学家,钮
知识,分享,博士大,研究生
小学,数学,园地,数学,年级,课堂,辅导,年龄,知识点,年龄,差不变
知识,课堂,提高,团队,凝聚力,方法
英语,演讲,视频,精选,TED,演讲,压力,出色
动漫,天空,建筑,学类,考生,恭喜,考,张雪峰,真皮
知识,课堂,半,包围,结构,字
知识,殿堂,复合,结构
知识,殿堂,费力,杠杆,省力,杠杆,区别
酷比,男孩,面试,企业,提问
小学,数学,园地,年级,数学,辅导,课堂,学,计算,常,思考题
梨,视频,重庆,建,赝品,博物馆,学校,回应,成立,工作组,核查
知识,课堂,全日制,非,全日制,研究生,区别
知识,分享,更改
点睛,数学,必胜,章节,图形,考点6,差法,解图,形题
职风,范,职风,范,战力,职场,必杀技
宝妈,快乐,未来,学霸,趣味,计算,课,初级,课,讲数,建形
知识,分享,交流,接触器,接线,方法
知识,问答,录,简历,写
精彩,点评,白岩松,读书,完,段,明白,值得,深思
精彩,点评,张维为,网络,爆红,演讲
梨,视频,高校,食堂,装修,豪华,充满,气息,学生
姚,可芳,职场,沟通,关系,帮,摆脱,困境
三乐大,掌柜,学堂,英语人,教版,年级,课,水里,救,动物
知识,课堂,社交,网络,找,没有帮助
小学,数学,园地,年级,数学,学习,辅导,课堂,理解,平行,面积,计算,公式
三乐大,掌柜,学堂,利用,转换,求,面积,升初,考试,典型,例题,直角
知识,抢先,学,员工,转正,申请,评价,写
梨,视频,父亲,醉酒,女孩,微光,守摊,写,男子,指导
梨,视频,艺考,减肥,斤,浙江,传媒,学院,新生,开学,报到,高颜,学妹
知识,课堂,集合,元素,含义
三乐大,掌柜,学堂,公务员,考试,图形,推理,交点,出发,逐一,选项
动漫,天空,孩子,家长,应,教育,孩子,送到,相当于,孩子,送,进,坑,里
厚,大法,考,法考,主观,考,复习,张翔,老师,建议
造就,语言,消失,民族,意味着,|,专访,万玛才旦
知识,殿堂,家里,线路,烧坏
知识,殿堂,考取,安全员
思想,湃,李松蔚,理解,心理,承载力
东方,燕园,商学院,父母,教育,做人,职场,做人,位
一刻talks,HR,数字化,转型,解放
梨,视频,迎新,新,姿势,浙江,高校,出动,黑科技,新生,刷脸,秒,报到
精彩,点评,樊,登,演讲,企业,快速,发展,秘密,字
浙,视频,高一,男生,体检,抽血,表情包,求饶声,笑喷,身后
爱,历史,祖国,感受,幼儿园,孩子,热爱
知识,分享,单位,换算,mm,cm
腾讯,旅游,江西,新建,忘,初心・牢记,主题,演讲,营造,师德,师风
三乐大,掌柜,学堂,脑力,测试,a,取值,方法,巧妙,值得,学习
晓白,聊,动漫,高中生,全程,英文,庆幸,早已,毕业,心疼
知识,殿堂,学生,写好,篇
知识,抢先,学,简历,写
知识,课堂,Excel,表格,求和
青流,视频,心中,老师,姐姐,成绩,判断,学生,优劣
时间,视频,高校,现,天价,热水,吨,块,学生,洗澡,块钱,配,洗澡
知识,课堂,cad,快捷键,命令
知识,课堂,减数,减数,区分
小学,数学,园地,年级,数学,辅导,提优,条件,出发,想,解应,方法
知识,殿堂,flash,插件,反复,安装,网页,显示
小学,数学,园地,年级,数学,奥数,辅导,微课堂,学习,求,体组,合体,表面积
知识,殿堂,魔方,复原,方法
三乐大,掌柜,学堂,巧算,位,数字,位数,相乘,老师,方法
知识,殿堂,请问,原子核,质子
知识,分享,jpg,图片,png,图片,区别
前沿,讲座,刘丰,提升,创造,生命,实像
知识,分享,英语,背
点睛,数学,必胜,专栏,章,数,运算,考点7,简便,运算,字,母代,换,法题型
知识,分享,Ps,切片,工具
点睛,数学,必胜,专栏,章,数,代数,考点2,整数,倍数,型
TED,演讲,TED,真相,令,抽,电子,烟,吸入,气溶胶
知识,分享,数字,田字格,写法
说,求职,职场,薪资,谈判,常见,错误,说,求职,学会
知识,课堂,汉语,拼音,声母,韵母
科技,叔叔,校运会,跳高,女子组,体育,老师,哭晕,厕所,裁判,笑疯
知识,殿堂,垂直,平行,公式
三乐大,掌柜,学堂,心理,测试,脑袋,腿,处事,方式
知识,分享,ppt,视频
动漫,天空,张雪峰,揭秘,专业,难,选择,需,谨慎
三乐大,掌柜,学堂,数学,测试题,难度,高,答案,挑战
梨,视频,高校,流浪狗,铁丝,嵌腿,月,常,流血,学生,抓,狗,队,培养,感情,送医
知识,殿堂,微商,做
知识,课堂,sinx,原函数
人字,拖游记,笔记记,记录,记忆,图形,记忆法,帮,变,学霸
造就,独角兽,猎手,出发,甘剑,平眼,创投,生存,法则
老板,说,丘成桐,基础,数学,物理,水平,美国,投资
知识,殿堂,网线,排列
知识,分享,灯,双控,电线,开关,接
知识,课堂,请问,高利,转贷罪
知识,殿堂,电风扇,转速,变,慢,原因
游画,空心字,笔,写,出,立体,效果
知识,殿堂,请问,剖面图,断面图,区别
知识,殿堂,奖学金,助学金,申请书,写
知识,课堂,塞多,音字,读
知识,殿堂,ppt,设置,母版
知识,殿堂,建造师,职业
知识,课堂,成人,高考,报名
小学,数学,园地,数学,年级,辅导,课堂,年龄,实质,差,倍
知识,分享,电压,概念,单位,换算
点睛,数学,公务员,考试,常识,桃谷,仙人
点睛,数学,必胜,专栏,章,数,运算,考点三,活用,运算,定律,性质,简算
知识,抢先,学,费用,报销,流程
梨,视频,军训,汇演,新生,摆字,表白,祖国,新,成立,周年,献礼
三乐大,掌柜,学堂,函数,学霸,老师,巧妙,运用h,函数,表达式
知识,殿堂,专业
木棉,说,演讲,木棉,说,演讲,王芳,挤破,头,孩子,送,教育,家庭,教育
知识,分享,Excel,设置,选择,项,数据,序列
高数,叔,高数,基础,章,积分,换,元法
姐,霸气,驾驭,不住,ede,Windows,安装,教程
纪实,72,小时,中国版,第2,季,官方号,语文,课,补觉,溜号,写,数学,语文,老师
三乐大,掌柜,学堂,考考,年级,数学,基础,学霸,老师,讲,学会
三乐大,掌柜,学堂,学,老师,课程,听,简单
尘,脱口秀,择日,剖腹产,意义
三乐大,掌柜,学堂,公务员,考试,常识,菲利浦,电器,国家,产品,美国
知识,殿堂,家庭,网线,插座,接
三乐大,掌柜,学堂,脑力,测试,车上,原有
柠檬,树,小精灵,罗罗,厚,脸皮,头条,朋友,求助,希望,条件
知识,分享,星期一,星期日,英文,单词
女生,保研,北大,获,高校,offer
梨,视频,笑,做,完整,张,卷子,学生,解压,高中,生物,老师,出,表情包,试卷
杨艾伦,课堂,句,英语,句子,背,系列
姐,霸气,驾驭,不住,ede,Windows,XP,创建,开机,信息
丝井,摸透,领导,家庭,懂,领导,融洽,相处
三乐大,掌柜,学堂,公务员,数字,推理,数字,规律,学霸,老师,明明白白
三乐大,掌柜,学堂,公务员,考试,常识,亚洲,举办,奥运会,国家,韩国
叶子,笑笑,ps,教材,炫酷,赛,博朋克风,做
喵,传人,芬兰,快乐,教育,留,考试,竞争,快乐,学习
龙江,新媒,创新,创业,门路,黑龙江,听障,学生们,杂粮,镶嵌,制作,成画
郑记论,现实,谈话,礼仪,学习,眼神,交谈,眼神
中国,蓝TV,茶,届,茶奥会,杭,开幕
三乐大,掌柜,学堂,公务员,考试,常识,提出,著名,韦达,公式,数学家,韦达,国人
知识,殿堂,教师,资格证,面试,流程
精彩,点评,演讲,追求,完美,接受,真实,羡慕,回到
培优,课堂,教学网,数学,培优,课堂,角,定义,P114,微课
喵,传人,创新,教学,环境,学校,兴趣,学习,前景
三乐大,掌柜,学堂,初考,试题,难,住,学霸,难度,初中生
聚星,扒卦,考试,试卷,里,老师,道,横线,含义
三乐大,掌柜,学堂,公务员,考试,常识,导电,含有,脂肪
小豆,万用表,测直,流,电流,事项,实物,测量,讲解
围观,清华,神仙
梨,视频,网红,校长,开学,迎接,孩子,入学,击掌,拥抱
玩转,充电线,话,期,科学院,院士,窦贤康,空间,逐梦,载
成功,快乐,人生,陈安,成功,法则,演讲,行业,财富,涌
认知,一刻,做好,团队,建设
知识,课堂,cad,输入
知识,课堂,职场,转正,申请书,写
新京报,清华,奖学金,答辩,誉,神仙,学霸,清华,成绩
麦兜,科技,全,校,教室,灯,亮,老师,留下,陪,加油,孩子
人文,清华,张明楷,背,法律,定义,未必,法,法学,领悟
TED,演讲,TED,全世界,慢吞吞,动物,存活
知识,分享,美术,老师,体验
职风,范,职风,范,战力,职场,必杀技
知识,分享,淘宝,参加,秒杀,活动
知识,课堂,加法,减法,公式
知识,殿堂,线,电压,相,电压
知识,殿堂,word,表格,求和
知识,殿堂,年级,学习,方法
知识,课堂,学生会,竞选,简历,制作
知识,分享,登录,教育,平台
浙样,红养生,盲肠炎,阑尾炎,回,事,症状
三乐大,掌柜,学堂,初中,数学,根号,根号,学会,平方,招,搞定
知识,殿堂,excel,表格,数据,透视表,做,牢记,步骤
三乐大,掌柜,学堂,初中,数学,竞赛,条件,想通
梨,视频,江西,高校,办,爬树,培训,成全,校,选修课,教育,意义
快乐,动漫,绘,怪盗,基德VS怪,盗灰,原哀,想,框
三乐大,掌柜,学堂,初中,数学,求,整数,解,思路,学霸,老师,点出,思路
精彩,点评,阻碍,成功,恍然大悟
厚,大法,考,法考,关键,厚,张翔,老师,说,明明白白
动漫,天空,逻辑,思维,男朋友,张雪峰,说,山炮
leo,张,大志,问答,评价,前,公司
知识,殿堂,CAD,倒角
中国,网,资讯,搞,事情,高考,改革,明年,考,英语
梨,视频,新生,萌妹,操场,练,想,军训,精彩,告别
梨,视频,河南,盲女,专业课,考上,浙江,音乐,学院,母亲,盲文,陪,成长
三乐大,掌柜,学堂,真题,求x,值,猜,猜,出
厚,大法,考,厚,行政,法兰,燕卓,老师,主观,做题
梨,视频,辽宁,高校,元,天,食堂,餐,优秀,学生,免费,吃
知识,课堂,制作,电机,启动,停止
知识,分享,快速,制作,书法,米字格,方法
动漫,天空,李玫瑾,教授,吸引,女孩,男生,具备,关键
赵,安国,娱乐,应,届生,找,投,简历,学长,成功,受益匪浅
动漫,天空,李玫瑾,教授,孩子,接近,成年,家长,成长
动漫,天空,李玫瑾,孩子,初中,压力,陡增,做,更,培养,孩子,责任感
PS,高手,速成,ps,制作,丁达尔,光线,渲染,气氛
梨,视频,教授,儒家,歌唱,更,记忆
三乐大,掌柜,学堂,数学,家长,头疼,越,简单,越
腾讯,新闻,商业,地理,商业,丨,夏令营,送,孩子,国外,家长,孩子,送到
三乐大,掌柜,学堂,公务员,考试,常识,古代,酒杯,青铜器
路兮,小农,农村,邀请,参加,县里,举办,电商,培训,结束,做
创业,人物,访谈,创业,访谈,蒋,海炳
知识,殿堂,取,篇,高大上
海丰县,广播,电视台,红色,演讲,彭,湃狱
娴院,娴院,演讲,朱伊文,诞生
三乐大,掌柜,学堂,年级,数学,真,简单,课程,讲解
梨,视频,传,校长,开学,寄语,新生,做,血性,男儿,美的,女生
夏,火火,穷,感受,穷,创业者,时间,穷人
知识,殿堂,海康,威视,摄像,头app,激活
腾讯,新闻,问答,时光机,时光机,丨别,拼,钱,赚,完,句,话
知识,殿堂,漏电,保护器,空开,区别
三乐大,掌柜,学堂,07,09,求,找到,思路,难
知识,分享,学习,策略
三乐大,掌柜,学堂,含有,根式,初中,学霸,说,难,立方,公式,关键
知识,分享,身份证,查询,系统
TED,演讲,TED,智能,植入,偏见,受害者
知识,分享,考研,政治,复习,方法,技巧
叶子,笑笑,ps,教材,拍暗,逆光,调亮
三乐大,掌柜,学堂,年级,典型,面积,厘米,叠,求,重合,面积
三乐大,掌柜,学堂,升初,数学,时钟,夹角,学霸,老师,讲解,生动
抖芽,视频,学生,模仿,动画片,化,吒妆,真
三乐大,掌柜,学堂,适合,代数法,数形,值得,收藏
小学,数学,园地,年级,数学,课堂,体积,秒,出,答案
BesTV,百视通,字母L,开头,英语,单词
知识,分享,请问,办法,ps,恢复,原始,设定
知识,殿堂,研究生,报名
三乐大,掌柜,学堂,北京市,真题,高次,方程,解
小学,数学,园地,年级,数学,奥数,学习,辅导,长方形,周长,知识,里,倍,知识
新华网,客户端,话,期,害人,抑郁症
聚焦,三晋,音乐,学院,附属,艺术,幼儿园,太原,国际园,开启,音乐,智慧
华雅,乳康,家,乳腺癌,专家,张,超杰,精彩,演讲,公益,现场,演讲,超,精彩
金十,交易,学院,公开课,陈海清,交易,智慧,维度
认知,一刻,时间
知识,分享,数学,教学,方法
小学,数学,园地,年级,数学,学习,微,课堂,加法,区别
抖芽,视频,学生,想,写,老师,学生,画绝,求生,皮肤,真
令,心动,offer,倒计时,率先,记得,备份,周震,南赞,思路,清晰
三乐大,掌柜,学堂,求图,阴影,面积,做,家长,寥寥无几,难度
三乐大,掌柜,学堂,初中,竞赛,知x+y=9,xy,立方,求x+y,值
知识,殿堂,酷,音乐,音乐
诗翠,说,搞笑,倍,价格,商品,职场,销售,创业,技巧
静静,S,王,爱,生活,游戏,wps,表格,快速,计算,行,列,平均值,方法,简单,学会
辟,寒白,引猿,博君一肖,肖,老师,染,金发
三乐大,掌柜,学堂,公务员,考试,常识,感,感觉,快,嗅觉
三乐大,掌柜,学堂,脑力,测试,感觉,选出,符合,答案,选项,留,时间
魔方,全媒,接受,医美,治疗,介意,议论,甄咏,珊,底线,露
知识,殿堂,圆,直径,算
三乐大,掌柜,学堂,计算,秒钟,印度,速算,方法,思路,清奇
保险,狼,叶云燕,寿险,行销,境界
令,心动,offer,客户,问,收费,郭,旭,回答,怼
小豆,电工,知识,台,电机,启动,逆序,停止,接线,步骤,讲解
动漫,天空,李玫瑾,教授,教育,孩子,爸爸,妈妈,建议,严母,慈父
音悦,留声,军训,现场,跳,极乐,净土,教官,真,没,学生,戏
知识,殿堂,数,相加,加数,减6,加数,加,变化
动漫,天空,复旦,陈果,烟火
福建,新闻,频道,鲲鹏,训练营
小豆,电工,知识,温控仪,变压器,电机,综合,保护器,接线,方法,讲解
奇闻,破事儿,营销,想象力,忽视,低估,营销
三乐大,掌柜,学堂,考考,前,押题,动点,值,破
亲宝,儿歌,动画,宝宝,学,数学,宝贝,箱子,天鹅,数字,宝宝,数学,知识,启蒙
曹导,曹导,探索,找到,适合,职业,道路
知识,分享,年级,生字表
知识,殿堂,区别
知识,解答,员工,调薪,申请表,写
白菜,白,白,职场,篇,偶种,善因
鲜梦,侃娱,听,陈,晓楠,讲述,真实,采访,心酸,现实,残酷
TED,演讲,TED,时间,空间,历史,偷走
令,心动,offer,真诚,永远,动人,细节,处,转机
喵,传人,芬兰,高度,重视,教育,老师,受,职业,门槛,高,教学
知识,课堂,做,简历,软件
梨,视频,盲师,特校组,乐队,教学生,盲弹,钢琴,级
TED,演讲,TED,网上,越,越,难,区分,信息,真假
知识,课堂,区别
知识,分享,入学生,申请书,写
小学,数学,园地,数学,年级,学习,课堂,理解,意义,改错
知识,分享,账户
知识,课堂,副,拼出,角,度数
知识,课堂,快速,图纸
知识,殿堂,考试
TED,演讲,TED,新生儿,提供,基金,买房,创业
三乐大,掌柜,学堂,腰,求,周长,错误率,高
知识,分享,学前,教育,考研,学
点睛,数学,必胜,专栏,章,数,运算,考点6,简便,运算,法题型
点睛,数学,必胜,专栏,章,数,代数,考点
知识,分享,请问,Word,横线
梨,视频,女儿,患病,考试,满分,识,字,妻子
知识,分享,列求,求和
知识,课堂,家里,常用,单控,开关,入门级,接线,方法
知识,课堂,建造师,考试,领取,证书
孙,逸豪,视频,空间,省,泰,级,高一,学生,课间,跑操
三乐大,掌柜,学堂,数学,典型,解析,绝对值,方程,x,绝对值,x
三乐大,掌柜,学堂,初中,数学,常见,次,根式化,简题目,学会,方法,轻松,搞定
三乐大,掌柜,学堂,年级,数学,易,错题型,记得,括号,变号
知识,课堂,Excel,减法,函数
知识,分享,圆柱体,体积,算,立方
张,老师,幸福,课堂,幸福,章,富人,穷人
芳姐,知识堂,学习,改变,命运,知识,创造,未来
宝妈,快乐,数学,素养,节,课
孙,逸豪,视频,空间,江苏省,泰州,届,校运会,领导
知识,殿堂,圆形,周长,公式
动漫,天空,张雪峰,学校,做,事,真的,丢人
梨,视频,网红,教授,戴建业,养娃,养鸡,空间
HR,人力,资源,管理,销售,业绩,飙升,障碍
梨,视频,演员,草`,享年,出演,血疑,白夜行
知识,分享,健康,考试
知识,殿堂,学习,拼音,苦恼
感受,春天,气息,魔童,降世,选送,奥斯卡,亚洲,近邻,选送,电影
g雏,杨振宁,青年,学子,灵魂,深处,件,事情
三乐大,掌柜,学堂,幼儿园,表现,挺,年级,数学,课,庆幸
三乐大,掌柜,学堂,初中,数学,a+b+c=0,求,值,做,数学,底子
三乐大,掌柜,学堂,积为,值,值
孙,逸豪,视频,空间,省,泰,届,校运会,开幕式,高三,班级,展示
知识,课堂,互联网,思维
尘,脱口秀,朗读,美文,时间,风干,份,红尘,痴迷
梨,视频,高校,办,创意,活动,答对,首,诗词,送,校徽,月饼
老板,联播,指,敏感,数据,脸书
三乐大,掌柜,学堂,俄罗斯,数学,竞赛,妙解,方程,学霸,做
问,都会,提高,客户,服务,质量,方法
知识,殿堂,x次方,导数,求,方法
小学,数学,园地,数学,年级,学习,辅导,课堂,方程,量代,换,方法,理解
崩溃,咬牙,日子,黑板,抄,期末,考
人文,清华,清华,讲坛,张明楷,刑法学
新京,报动,新闻,教育局,通报,女生,校内,遭扇,耳光,网传,欺凌,事件,属实,校长,停职
话,历史,100,精神
巨海,成杰,交友,需,谨慎,朋友,交,交友,道
三乐大,掌柜,学堂,升初,典型,求,面积,易错,技巧
静静,S,王,爱,生活,游戏,Wps,表格,提取,身份证号,出生,方法,学会
遇见,遭,反杀,口才,敌,医院,医院,遇,尴尬,事
小豆,电工,知识,遥控,电葫芦,动作,接线,步骤,讲解,运行,演示
梨,视频,暖心,高校,学生,免费,发,新,棉衣
浮生,,员工,服从性,越来越,差,辞职,员工,出
三乐大,掌柜,学堂,趣味,数学,做,前,道,道,困难
令,心动,offer,实习生,反思,加紧,时间,学习,更,相关,知识
小学,数学,园地,年级,数学,学习,辅导,取,近,似数,特别,错
踏雪,凌风,面试官,问,未来,规划,回答
拥音,乐享,快乐,李玫瑾,想要,孩子,饭桌,教育,少不了,聪明,妈妈,做,受教
三乐大,掌柜,学堂,脑洞,数字,新奇
三乐大,掌柜,学堂,初一,值方,程,漏解
高数,叔,高数,基础,章,积分,定义
香蕉街,拍,郭丞xChic,怼王,蓝景仪
人文,清华,清华,教授,钱易,喜欢,学生,导师,老板
筱,聊,世界,职场,潜规则,教,句,万能,敬酒词,领导
小学,数学,园地,年级,数学,学习,辅导课,画图,找到,求出,答案
长春,广播,电视台,平时,严肃,老师,拔河,激情,应,援,手势,夸张,舞步,销魂
学长,大大icon,做好,件,事,创造,件,事,谈何容易,终究
苹果,梨,剧场,学生,食堂,总,数量,学生,做法,真,高明
前沿,讲座,赵,东玄,火,现象,背后
令,心动,offer,法律,咨询,薛俊杰,郭,旭,咨询,民警,治安,状况,村民,控诉,流浪狗
清晨,明露,做,销售,难,口才,谈判,技巧,清露,告诉
杨艾伦,课堂,图片,背,英语,单词,老师,读,记得,住,系列
三乐大,掌柜,学堂,知,a次方,b次方,求值
娱乐,解说,语薇,职场,示弱,更,办公室,生存
精彩,点评,郭,继承,教授,舍,试问,敢,斩断
小学,数学,园地,年级,奥数,课外,辅导,提优,平均,方法,解题
搞笑,蕴意,ps,技能,教,ps,制作,失恋,博物馆,风,拼图
安徽台,第1,现场,俩,孩子,电梯,追逐,虎妈,教育,罚站
人文,清华,清华,法学,教授,伪造,假,身份证,假,身份证,罪,更,重
三乐大,掌柜,学堂,公务员,考试,常识,发现,早,纸币,时期,唐朝
祯哥,聊趣wen,演讲,技巧,学会
三乐大,掌柜,学堂,天津,真题,差生常规,方法,解,慢,尖子,生,思路,秒解
三乐大,掌柜,学堂,年级,数学,视频,判,优秀,女儿,感觉,高兴,家长,课程
迷离君,颜,道,算,听
Steve,乐,野狼,Disco,双,篮球,boy,购物,girl,发生
杨艾伦,课堂,系列,句,英语,句子,口语,简单
TED,演讲,TED,细胞,裹,层,糖衣,存有,抗癌,信息
瞎,搞,职场,拼,捷径,处事,方法
流氓,疯子,踏入,职场,误区,办公室,政治,牺牲品
保险,狼,叶云燕,寿险,行销,阶段,推销
奇闻,探索,家,学生,裙子,短,偷看,女生,说,漏嘴
玩,仙子,生意场,低调,做事,高调,做人,赞同
高校,体测,引,争议,校方,雨
聚星,扒卦,学校,实验,字,含义
小豆,电工,知识,想要,考电,工证,先,吃透,实物,讲解
动漫,天空,李玫瑾,教授,聪明,父母,带,孩子,做,事,孩子,家长
三乐大,掌柜,学堂,找,规律,思维,灵活,解出,答案
三乐大,掌柜,学堂,初中,数学,重难点,美国,竞赛,初三,学生,学会,方法,轻松,解决
知识,分享,高考,考生,单招,统招,区别
音,小六,青春,教官,军训,带领,全校,蹦迪,嗨,炸
敢,举报,忍,Windows,XP,Home,Edition,Service,Pack,挪,威文版,安装
知识,分享,原因,说,合适
点睛,数学,年级,奥数,真题,道,计算,倒,全班,听,老师,讲解
梨,视频,诗意,餐厅,杭州,高校,风食堂,吃饭,宛如,走进,水墨画
小学,数学,园地,年级,数学,辅导,提优,课堂,仔细,底面,做错
人文,清华,清华,讲坛,钱易,做好,件,事
新京报,湖北,课改,年级,数学,官方,补课,研究
福建,新闻,频道,鲲鹏,训练营
秀梅,解说,ps,技巧,局部,提亮,技巧
詹那链,职场,做,懒惰,精致,丽人
知识,分享,判断
新华社,新闻,初入,职场,知晓,实习期,≠试
三乐大,掌柜,学堂,公务员,考试,推理,猪,猪肝,逻辑,关系
小学,数学,园地,数学,年级,奥数,辅导,提,优课,找,规律,求出,计算
造就,计算,思维,提出者,周,真,凸显,计算,思维,重要性
荟萃,讲坛,拍马屁,渴望,赞美
喜欢,梦,定期,清理,物品,放弃,物品,执念,关系
梨,视频,考研,仅,天,!,考研,党,餐厅,灯备,考学,餐厅,延迟,清场,时间
爱,棋道,围棋,教育,死活,课堂,预设,眼位法
义乌,阿峰,浅,谈,做,赚到,更,钱,更
三乐大,掌柜,学堂,脑力,测试,数字
知识,分享,列前,n项,公式,推导
超级,建筑,安能,威武,水电,铁军
小学,数学,园地,数学,年级,辅导课,道,易,错题,易错点
小学,数学,园地,年级,奥数,辅导,提,优课,学,计算,倍数,关系,必学
知识,分享,万用表,测量,极
知识,殿堂,简便,计算
喵,传人,芬兰,做,考题,数学,确实,难,英语,需,提升
音乐,唱,天,毕业,回校,班主任,学生,算,输
知识,课堂,远程,计算机,设备,接受,解决
书亭,楷书,铅笔字,笔画
奇趣,公务员,考试,图形,推理,考验,智商,高,智商,推理,出,答案
威武,解说,考,奖励,老师,奖励,方法,特别
小学,数学,园地,数学,年级,奥数,辅导,课堂,加水,前,加水,杯,水差不变,关键
人文,清华,清华,教授,钱易,机缘,巧合,赴,台,探亲
萌人,教育,令,心动,offer,初入,职场,应,具备
图说,临汾,翼城县,东关,银杏苑,齐唱,祖国
三乐大,掌柜,学堂,公务员,考试,常识,羽毛球,发球,时,球,超过
桃子,鱼仔,尤克里,里,教室,尤克里,里,常见,左手,换,弦慢
小豆,电工,知识,PLC,接线,控制,电机,实物,讲解
梨,视频,高校,辅导员,花式,查寝,学生,凹复,联造型,拍照,视觉,疲劳
小学,数学,园地,年级,数学,复习,提优,课堂,想,考,重点,初中
梨,视频,高校,花式,月饼,晚会,少,广西,老乡,集体,嗦,螺蛳粉
视,视频,少儿,编程,成,趋势,做,时代,抛弃
小学,数学,园地,数学,年级,学习,辅导,学习,长方体,体积,记,公式
梨,视频,生日,撞上,开学日,新生,收到,学校,送,暖心,蛋糕
梨,视频,开学,逢,厦门,设,闽南,传统,民俗,迎,新生
知识,课堂,查看,高考,志愿,投档,状态
LPL,职业,联赛,视频,采访,Karsa,锅,老师,聊天,偷家,剧情,想好
三乐大,掌柜,学堂,道,求,阴影,面积,家长,白
三乐大,掌柜,学堂,知,a05+a,求a0166+1/a0166,值,方法,计算
流水,吴中区,郭巷街道,艺术界,联合会,成立
新京报,孩子,晕车,公交,母亲,蹲,清理,干净,教育,言传身教
人文,清华,初,清华,男女生,优秀,品格,女生,品格,仅,字
Maxonor,创意,公元,衣服,失聪者,听见,声音,奥秘,身体,听
梨,视频,考研,男生,泡,图书馆,累胖,斤
梨,视频,学长,新生,顶,烈日,军训,脸晒,通红,贴心,学长,送
john19820,学,数学,数学,魅力
培优,课堂,教学网,数学,培优,课堂,习题,P112,微课
小学,数学,园地,年级,奥数,辅导,家长,想,半天,想,出,答案,学会,需,秒
烫头,渣女,面试,电工,送礼,接
深圳,卫视,直播,港澳台,外国,纷纷,点赞,吹风会
三乐大,掌柜,学堂,道,奥数,狠题,咔咔,顿,神,操作,答案,显现,眼前
石头,孩子,石,老师,告诉,学,唱歌,具备,基础,技巧,详细,讲解
三乐大,掌柜,学堂,传承,数学,年级,数学,基础,务必
共,合设,共,合设,月末,郑东贤,采访
三乐大,掌柜,学堂,脑力,测试,解方,程,67,67,67,67,x67,x
喵,传人,初三,开学,老师们,成绩,排,座位,末位,淘汰
别剧,风采,情商,高,面试,谈,薪资
三乐大,掌柜,学堂,教版,数学,年级,课,找,规律
小学,数学,园地,数学,年级,期中,复习,课堂,学会,转化,解决
三乐大,掌柜,学堂,趣味,测试,数字,放上,运算,符号,成立
在野,博远,PPT,演讲,忘词,技能,学
芥末,堆,张继学,互联网,时代,做好,品牌,营销
三乐大,掌柜,学堂,竞赛,知,整数,m,n,满足,方程,mn=45,求m+n值
三乐大,掌柜,学堂,质数,利用,初中,知识点,学霸,老师,快速,答案
三乐大,掌柜,学堂,公务员,常,识题,见,新知,万里外,描述,节日
三乐大,掌柜,学堂,初中,数学,竞赛,面积,面积
三乐大,掌柜,学堂,初中,竞赛,培优,算术,平方根,整数,求n
搞,笑,晴波,放弃,月入,淘宝店,零,做,京东
三乐大,掌柜,学堂,初中,角度,没,方法,角求值,模式,单一
知识,课堂,混合,气体,平均,摩尔,质量,计算
神奇,橙子,开店,营好,开店,加盟,选择
知识,抢先,学,领导,敬酒,敬
知识,殿堂,初中
昔育,恐育,鞫,俞敏洪,演讲,累,迷茫,原地,踏步
梨,视频,羡慕,校服,新生,身穿,设计,校服,排面
时间,视频,高校,顶,帐篷,迎,新生,家长,女士区,男士区,夫妻区
知识,殿堂,知识,殿堂,行政,专员
人文,清华,清华,教授,钱易,年轻人,找到,价值,教师,应有,品格
梨,视频,学校,高校,新生,发定,制校,训,月饼
知识,殿堂,英语,成绩,查询
新华网,客户端,话,期,叶壮,讲述,新生代,家长,育娃,道
梨,视频,教师节,礼物,护士,花,年,业余,时间,画,器官,图,赠,老师
知识,课堂,矢量,区别
How兔,英语,面试,实战,演示,祝,成功,外企
新京报,祖国,｜,男,音廖,昌永,领衔,音乐,学院,师生,祖国,高歌
知识,殿堂,参加,高级,考试,条件
知识,殿堂,常用,电气,符号,N线,火线,零线
知识,分享,excel柱,状图,加,折线图,组合,制作,方法
知识,分享,函数,运算法
知识,课堂,描写,秋天,景色,诗句
知识,课堂,Excel单,元格,强制,换行,换行
尘,脱口秀,细节,成败,句子,懂得,区别,聊聊,单,句
姐,霸气,驾驭,不住,ede,VBOX,安装,Windows,ISO格式
三乐大,掌柜,学堂,年级,孩子,真,家长,寒假,前,孩子
三乐大,掌柜,学堂,脑力,测试,袋,面粉,运,食堂,抬,袋,剩下,袋,面粉
小学,数学,园地,年级,奥数,提优,辅导,解出,答案,学霸,家长
姐,单身,野仙女,面试,回答,老板
抖芽,视频,学生,电玩城,考试,玩,赛车,考试,成绩,满分
饭圈,仙女,doki酱,听,欢乐斗,哥即,兴起舞
蜜蜂,TV,农业,知识,短,视频,植保,教,降低,柑橘,成本,方法
一刻talks,陈玮,努力,年轻人,主导
小林,说,网事,创业,坎
宁德网,祖国,闽东,快闪,活动
凤仙郡,民生,列车,学校,南昌,学生,做,科普,直升飞机,请,进,校园
知识,殿堂,更改,win7,开机,密码
英语,演讲,视频,精选,TED,演讲,合群
厚,大法,考,客观,商经,考察,知识点,预估,考察,方向,变化
红星,视频,直播,壮观,高校,新生,展示,平米,巨幅,国旗,祖国,献礼
知识,殿堂,c语言,函数,参数
知识,殿堂,qq,邮箱,发送
三乐大,掌柜,学堂,网上,超火,数学,求,面积
三乐大,掌柜,学堂,道,初中,数学,没,见,压根,入手
梨,视频,班主任,转岗,全班,学生,唱,原创,歌曲,挽留
梨,视频,超燃,高校,千,学子,方阵,花式,表白,祖国
三乐大,掌柜,学堂,重温,高考题,羡慕,考,全国,卷2,学生,想,做错,难
红星,视频,直播,高校,军训,花式,表白,庆祝,共和国,成立,周年
新京报,学校,配,抢答器,课堂,秒变,知识,竞赛,现场
动漫,天空,张雪峰,专业,选择,需,谨慎,专硕,硕难,学硕,更,难
梨,视频,军训,结束,教官,新生队,列中,默默,流泪,舍不得
知识,殿堂,集合,基础,真子,集,性质
孙,逸豪,视频,空间,江苏省,泰州,杨光伟,老师,高一,历史,课,电视台,记者,拍摄
三乐大,掌柜,学堂,奥数,鸡兔,做,做,思路
梨,视频,开学,耿直,校长,喊话,全,校,老师,挺直,腰杆
新京报,军训,结束,学生,挥泪,送,教官,女生,痛哭不舍,声音,嘶哑,喊
梨,视频,老师,次,受伤,拄拐,学生,心疼,帮,接水
虎,豹动,新生,入学,时,负责,军训,教官
知识,课堂,excel,设置,数据
知识,课堂,仲裁,委员会,干什么
知识,殿堂,考考,物理,概念,基础
问,都会,提高,效率
梨,视频,热血沸腾,高校,开学,合唱,祖国,飘满,操场
海,巨子,军训,教官,全,神圣,军训,结束,悄悄
中金,在线,视听,江西,铜鼓,推行,高中,免,学费,教育,学期,交,学费,退还
知识,殿堂,侵华,战争,时间
阿忆,创业,日记,微商,创业,选择,产品,产品
前沿,讲座,俞,凌雄,员工,老板,图
孙,逸豪,视频,空间,放学,省泰,曹,老师,解答,师生们,投入
知识,分享,excel,设置,背景,颜色
梨,视频,兄弟,读,学校,双胞胎
部落,宝石,科普馆,教,方法,接,电线,缠绕,万无一失
知识,分享,ppt,添加,固定,时间,做
知识,分享,字母,写
锐利,刃,新生,入学,军训,负责,训练,教官
三乐大,掌柜,学堂,年级,奥数,河边,水,采用,倒,推法,解决
大美,五台县,职业,师生,唱响,祖国,娃,镜
趣味,学,知识,应,届生,面试,时,介绍
知识,殿堂,公司,面试,记住,技巧
知识,分享,学生,缴纳,学费
知识,课堂,理数,加减,快速,计算,算
知识,殿堂,幻灯片,背景,设置
梨,视频,师生,书写,千米,长卷,祝福,祖国,写,字,做,表,心
知识,殿堂,电子,发票
高数,叔,高数,基础,章,洛必,达,法则
三乐大,掌柜,学堂,学习,方法,常规,办法,技巧,关键
清晨,明露,电话,销售,绕,前台,客服,找到,关键,瞬间,提升,电话,质量,技巧
知识,课堂,请,问v,vi是,代表,数字
知识,分享,知识,课堂,双控,开关,LL1L2,接线
知识,课堂,PS,图片,添加,水印
知识,分享,报考,健康,条件
知识,殿堂,基础,学,英语,快速
知识,课堂,美化,Excel,表格,快速,隔行,填充,颜色
高数,叔,高数,基础,章,函数,性态
欢畅,游玩,张雪峰,演讲,北京,非,非,兰州,崩溃
知识,课堂,申请,贫困生,助学金,格式
点睛,数学,必胜,专栏,章,数,代数,考点,页码
宝妈,快乐,趣味,计算,课,初级,课,讲数
认知,一刻,毕业生,评价,写
点睛,数学,必胜,章节,运算,考点8,解方,程,解
时间,视频,学生,齐跳,蒙古舞,课间操,网友,酸
下饭,音乐,music,席卷,校园,兔子舞,魔力,减,感受,份,绝望
三乐大,掌柜,学堂,数学,培优,学霸,点,学渣,考场,噩梦
中国,科普,博览,压,死,博士,座,实验,穷
三乐大,掌柜,学堂,理解,角,剪刀,做
知识,分享,汉语,拼音,声母,韵母
职场,空间站,职场,想要,升值,加薪,改正,缺点
三乐大,掌柜,学堂,网红,数学,瓶,空瓶,换,瓶,求,喝,瓶
三乐大,掌柜,学堂,道,求,阴影,面积,学生,做,活跃,思维,解决
知识,分享,水晶头,接线,方法
知识,殿堂,笔记本,找,网络
知识,课堂,说
梨,视频,祖国,庆生,跑出,路线图,表白,祖国
搞笑,民族,俄罗斯,班级,男生,女生,跳舞,淘,酱油
小学,数学,园地,年级,数学,学习,微,课堂,添,条,辅助线,求,出,答案
动漫,天空,复旦,陈果,道德,利益
知识,殿堂,SketchUp,软件,角度
知识,分享,固定资产,维修费,计入,科目
点睛,数学,必胜,专栏,章,数,代数,考点
幻城,凡世,健康,快速,减肥法,间歇性,禁食
知识,殿堂,陈述,句,反问,句,区别
黄金,眼,融媒,脑立方,课,家长,神乎乎
点睛,数学,必胜,专栏,章,数,运算,考点,混合,运算
三乐大,掌柜,学堂,年级,数学,试题,陷阱,满分,思路
腾讯,新闻,问答,时光机,时光机,丨,父亲,说,考,笑话,孩子,倒数
知识,分享,零线,火线,区分
梨,视频,流浪猫,狗,学生,搭,温暖
拥音,乐享,快乐,李玫瑾,青春期,孩子,教育,提出,建议,值得,学校,家长,深思
珠宝,V课,销售,艺术,拉近
小豆,电工,知识,万用表,手把手,教,测量,方法
中国,农林,科技网,杨凌,职业,技术,学院,马,教授,苹果,栽培,技术,面临,需求
深漂,聪明人,败,领导,沟通,牢记,点,越,混,越
西瓜,音乐人,职场,找,简历,傻
三乐大,掌柜,学堂,公务员,考试,常识,闰年,天,送
浙样,红养生,AI,医院,测试,微小,肿瘤,识别
知识,殿堂,高一,物理,速度,位,移公式
刺客,945,卢战卡,教,领导,表扬,讲话,应,高情商,回答
三乐大,掌柜,学堂,典型,数学,考题,关键,完整,讨论,易,错题型
三乐大,掌柜,学堂,全国,初中,竞赛,求出,蓝色,面积,聪明,找到,思路
三乐大,掌柜,学堂,公务员,考试,常识,火车,发出,声,长鸣
TED,演讲,TED,抽象,数学,现实,帮,理解,愤怒,根源
知识,分享,计算,函数,周期
问答,365,天,时间
苹果,梨,剧场,学生,勤工俭学,学渣,召唤,出,瀑布,情况
芳洲,说,电影,公司,实行,薪酬,保密,隐瞒
制造,原理,接线,更,平时,接
动漫,天空,李玫瑾,教授,培养,智力,教育,孩子,长大
丁香,柯基,发烧友,公务员,考试题,施,耐庵,水浒传,星宿,绰号,出自
三乐大,掌柜,学堂,美国,数学,竞赛,式x,限时,做出,答案
三乐大,掌柜,学堂,公务员,考试,常识,铁达尼号,游轮,年,沉没
趣弹,音乐,尤克里,里,弹琴,介绍,奖项,供,参考
动漫,天空,李玫瑾,教授,孩子,选择,结束,生命,值得,父母,反思
PS,高手,速成,ps,教程,融入,背景,学,亏
艺述史,俗语,男怕,摇头,女怕,走,走路,姿势
朴素,鹏哥,求职者,面试,尊重,礼貌
名字,太,难,写,季节,变换,零,基础,ps,技巧
动漫,天空,李玫瑾,劣势,变,优势,优秀,低谷
夕阳,海洋,面试,简单,讲,悲伤,扎心
新京报,孙杨,听证会,慷慨结词,创造,公平,竞争,方式,清白
医生,躁郁症,适合,职业
动漫,天空,张雪峰,考,学校,选择
三乐大,掌柜,学堂,升初,求,阴影,面积,转换,思维,学霸,老师,讲,思路
三乐大,掌柜,学堂,升初,数学,常,考题,求长,方形,红色,面积,高模型,解决
知识,殿堂,请问,万用表,方法
小学,数学,园地,年级,奥数,辅导课,学,相遇,思考题,频繁
新闻,夜航,里,生僻字,老师,烫嘴,孩子,画,圈
笑,日落,无限,谷歌,量子,霸权,推进,超级,计算,火箭,时代
知识,分享,新生,必备,物品,清单
红星,视频,直播,成都,高校,军训,男生,敷面膜,学校,学生,休息,时间,活跃,氛围
美吉,家族,毕业,童年,永不,散场,港娃,vlog
梨,视频,勿,忘,国耻,高校,千,新生,高举,国旗,纪念
懂,老师,流程
梨,视频,亿万,富翁,帮,学生,助学贷,帮,家长,教育债
PS,高手,速成,ps,教程,箱子,加,图案,消失点,方法
影像,心,阳光,代表,吴,书记,酒后吐真言,刘,县长,坦诚相待,领导
二哈,下厨,执行力,伪,概念,员工,执行力,领导,领导力
令,心动,offer,担心,欺负,柴律,专业,支撑
动漫,天空,李玫瑾,教授,教育,孩子,挣钱,更,难,男人,懂得
梨,视频,学校,高校,美食节,师生,发,免费,餐,学生,赞,幸福
知识,分享,外力,做功,公式
梨,视频,学生会,排面,学长,社会,学生会,历练
知识,殿堂,平行,性质
小学,数学,园地,年级,数学,奥数,辅导,微课堂,行程,画图,理解
游画,书法,教学,详细,讲解,未,末字,写法,供,参考,学习
李半仙,年轻人,事,学会,改变,奈何,年轻,天真
三乐大,掌柜,学堂,年级,先,学会,简单,数字,概念,学习
娴院,娴院,演讲,张强,见证,环保
知识,殿堂,图片,白色,弄
三乐大,掌柜,学堂,考考,根,数学,棒,成立
HR,马管家,HR,业务,主管,沟通,原因
杨艾伦,课堂,句,英语,句子,背,系列
点睛,数学,必胜,专栏,章,数,代数,考点,余数
望眼观,世界,废品,交,学费,学校,补贴,神仙,学校
芥末,堆,GET2019,教育,科技,精细化,运营
三乐大,掌柜,学堂,数学,培,优题,数学,答案,错误
高尔夫童,孝文,木右曲,原因,童,孝文,解析,唯一,方法
抖芽,视频,学校,手工课,学生,废,纸板,做出,倍,镜,真
小豆,电工,知识,接触器,互锁,原理,接触器,互锁,接线,步骤,讲解
知识,分享,证明,数列,极限
知识,分享,Premiere,添加,字体,方法
梨,视频,硬核,表白,祖国,高校,架,机建,高空,长城,灯光,秀超,酷炫
点睛,数学,必胜,章节,图形,考点2,底,高,倍数,法解,图形
知识,课堂,数学,数列,极限
梨,视频,初中生,放学,路上,捡瓶,口,闷,耍酒疯,送,急诊,学习,压力
完善,趣事,牛,次,面试,心里话,说,双向,选择
知识,殿堂,Excel,数值,排名
知识,分享,写,优秀,学生,申请,理由
点睛,数学,必胜,章节,图形,考点,动点,图形
纪实,72,小时,中国版,第2,季,官方号,埋头,科研,字,精辟,学习,乐趣
令,心动,offer,茶歇,时间,杯,柴律,特调,瞬间,治愈,职场,确丧
知识,殿堂,数,右
小学,数学,园地,数学,辅导,课堂,年级,刚,学,周长,做错
知识,课堂,数字,写法
红星,视频,直播,载歌载舞,邛崃,南宝山,木梯,羌寨,共,庆,羌历,新年
中国,青年报,中青,在线,热情,妩媚,性感,扭捏,传拉丁舞,社展,婀娜,舞姿,扬,青春,风采
知识,分享,网卡,坏,更
点睛,数学,必胜,章节,图形,考点8,立体,图形,计算
三乐大,掌柜,学堂,初中,数学,求线,段,长度,画,辅助线
职风,范,职风,范,关系,更,受
梨,视频,高校,学霸,研发,机器人,快递车,校园,派送,面,红旗,爬,楼梯
源先森Fty,职场,必,剧组,生存,道,秘诀,浴火,重生
知识,殿堂,请问,耳字,拼音,写,写对
知识,课堂,ps,橡皮擦
三乐大,掌柜,学堂,竞赛,√a05+9a+30,求a,值
知识,课堂,请问,新,事物
三乐大,掌柜,学堂,升初,计算,加,差数,列,公式,算
影视,焦线,激荡,陆江涛,收废品,企业家,父辈们,部剧
中国,网,文化,东北,学生,说,东北,话,语文,老师,开设,东北,方言,课
三乐大,掌柜,学堂,位,取,近似,数,位
三乐大,掌柜,学堂,数学,易,错题,典型,例题,留意,知识点,课本,写
梨,视频,高校,专科,生曝,宿舍,停课,校方,放,月,假
贵阳台,法治,直通车,法律,快答,违法,犯罪
知识,课堂,英文,写,情书
知识,课堂,考研,复试,黑幕
香薇,违心,老师,录取,高,高校,实力,强劲,适合,捡漏,报考
小学,数学,园地,数学,奥数,年级,辅导,课堂,简单,老师,说,难
小豆,电工,知识,时间,继,电器,控制,交流,接触器,接线,步骤,讲解
一手,Video,高校,学生,机智,应对,诈骗,电话,钱,收到,买,劳斯莱斯
新华社,新闻,初入,职场,晓试,长,时间
喵,传人,香港,教育,改革,尝试,学生,快乐,学习,减少,压力,提升,综合,素质
三乐大,掌柜,学堂,测试,层,图案,根,火柴棍
三乐大,掌柜,学堂,公务员,考试,真题,隔三秋,说,月
龙江,新媒,考研,报名,启动,考研,升高
新京报,香港,高校,学生,齐唱,歌唱,祖国,献礼,新,成立,周年
政,电视台,期,政和谈
新京报,孩子,辍学,家长,政府,告,全寨,围观,官告民,师生,齐,鼓掌
知识,殿堂,定义
梨,视频,疏于,老人,保姆,宾馆,找到
谢,老师,讲,九型,谢,老师,讲,领导,职场,表现,领导
动漫,天空,专业,学校,张雪峰,帮,划,重点
爱军,军训,帅,教官,喜欢
点睛,数学,必胜,章节,图形,考点4,割,补法,解图,形题
梨,视频,疼,军训,展示,擒,摔倒,听到,掌声,值
知识,殿堂,感恩,老师,感恩,父母
喵,传人,香港,芬兰,年级,理念,相差
尘,脱口秀,感悟,珍惜,生命,途径
蓝,麦冬,excel,实用,技巧,公历,转换,成,农历
培优,课堂,教学网,数学,培优,课堂,P112,微课
精彩,点评,郭,继承,做好,平凡人,请,知识分子
欣欣小厨,读,求,路过,高手,指点,读法
孙,逸豪,视频,空间,省泰,校园,场
知识,课堂,滑动,变阻器
知识,殿堂,笔记本,excel,表格,合并,单元格
知识,课堂,天正,工具栏,调
人文,清华,讲坛,声入,王凯,音乐,偏,流行,歌剧,年轻人,接受
知识,课堂,常见,病句
知识,分享,成人,高考,学习
问答,365,天,团队,定义
梨,视频,厦大,开帆,船课,抢,学生,独立,驾驶,帆船,出港
知识,课堂,性质,含义
知识,雯,雯,请问,简历,写
小学,数学,园地,数学,年级,提,优课,记住,梯形,面积,公式,远远
动漫,天空,李玫瑾,智力,越,高,越
知识,课堂,excel,表格,横列,竖列
知识,课堂,请问,零线,颜色
点睛,数学,必胜,专栏,章,数,代数,考点,页码
知识,课堂,excel,制作,填充,序号
梨,视频,惊呆,军训,教官,斗舞,解锁,高,难度,街舞,动作
知识,课堂,动量,定理,推导
MOOC,AR,增强,现实,改变
十万,知识,做好,记录,整理
三乐大,掌柜,学堂,数学,巧计算,凑出,整,千,整,百,数,减少,计算量
知识,殿堂,倒闸,操作,步骤
点睛,数学,必胜,章节,图形,考点5,转化,法解,图形
知识,课堂,专业,考研,方向
疯狂,成长社,赢家,主题,演讲
知识,分享,区分,钝角,锐角
动漫,天空,仕强,教授,想要,教养,子女,改,掉
千万,悦读,笔记,解读,唐宋,传奇,篇,聂,隐娘
三乐大,掌柜,学堂,考数,学幂,运算,难住,尖子,生,常用,考点,知识,搞定
知识,抢先,学,实习,鉴定
知识,殿堂,键盘,灯,关闭
知识,分享,考研,命题,统考,区别
知识,课堂,设置,电脑,IP
小学,数学,园地,数学,年级,奥数,学习,微,课堂,优化,关键,找到,优化,方案
三乐大,掌柜,学堂,学习,x,次,方-19x+30,涨,知识
新京报,军训,时,学生,教官,拉到,主席台,表演,节目,开口,唱,全场,沸腾
知识,殿堂,天津,快板,学
令,心动,offer,克服,拖延症,达人,蓝盈,莹,微信群,督促
鲁豫,有约,官方号,金志扬,讨厌,数学,体育,老师,教,说法,尊重,体育
知识,殿堂,质量,单位,吨,千克,克,关系
知识,殿堂,极,坐,程化,直角,坐标,方程
知识,课堂,Excel,表格,导出,word,表格
知识,殿堂,高一,物理,速度,位,移公式
小学,数学,园地,数学,年级,辅导,提,优课,长方体,侧面,长,底面,高
军,家,课堂,猛,老师,端,步枪,开学,发,条,狗
三乐,学院,趣味,数学,做,前,道,道,困难
知识,抢先,学,应,届生,简历,评价,填
时间,视频,余,师生,书写,千米,长卷,祝,祖国,生日,快乐
尘,脱口秀,夫妻,做,沟通,增加,感情
三乐大,掌柜,学堂,竞赛,质数xyz=5,x+y+z,x+y05+z06
知识,分享,Excel,制作,绚丽,折线图
新京,报动,新闻,新生,米,体测,倒地,身亡,学校,尚,死亡,原因,警方,介入
知识,课堂,word,空格,删除
时间,视频,老师,播放,音频,点名,学生,逗乐,活跃,课堂,气氛
知识,分享,英文,主语,表达
三乐大,掌柜,学堂,年级,数学,难点,寒假,前
易,校招,面试,问,面试,提问,技巧
知识,殿堂,月份,英语,缩写,形式
知识,课堂,英语,区别
知识,殿堂,京东,购物卡
梨,视频,考研,倒计时,天,学生,国庆,留校,复习,学,备考
知识,课堂,格式,工厂,制作,GIF,图片
知识,分享,ps,蓝底,改成,白底
知识,分享,制作,电子,海报
造就,超越,时间,诗歌,读,新鲜,｜,造就,专访,田,原
语惜,知笑,霍金,留给,世人,句,话,启发
知识,课堂,lonely,区别
三乐大,掌柜,学堂,理题,回声,计算,道,物理
知识,分享,符号,符号,写
知识,殿堂,请问,联想,笔记本,键,恢复
三乐大,掌柜,学堂,公务员,考试题,银行,资产,负债表,客户,存款,选项
芒果,讲,数学家,参加,高考,满分,答案,接受
三乐大,掌柜,学堂,趣题,知,组,求,出,值
三乐大,掌柜,学堂,孩子,学习,老师,教育,方式,家长,佩服,做
三乐大,掌柜,学堂,年级,教版,数学,课,图形,拼组
BTV,首都,晚间,报道,首都,医科,校长,饶毅,实名,举报,学术,造假
安徽,海豚,播报,语文,老师,画出,核舟记,热搜,语文,老师,全能型
三乐大,掌柜,学堂,趣味,数学,请问,胜算,更,高,答案,乙
动漫,天空,复旦,陈果,老师
乐梦,心,Fa跟Si,弹奏,方法
知识,殿堂,幂函数,图象,画法
知识,课堂,做,ppt,软件
梨,视频,返乡,创业
柠忘,手作,老外,重回,学校,参加,年级,考试,获胜,岂料,孩子
酷炫,体坛,攀登,哲学,思索,攀登,原,生存,激荡,灵魂
三乐大,掌柜,学堂,年级,教版,课,加减法
精彩,点评,金灿荣,工业,社会
新京报,高校,网红,合唱班,走红,班级,学员,网友,隔空,表白,寻人
知识,殿堂,初中,物理,公式
三乐大,掌柜,学堂,年级,数学,学,年级,知识点,高分
西安,电子,科技,大学,西电,军训,汇演
银河,网路,电台,方s,镔,邀,师弟,张怀颢,合作,音乐,接龙,写出,侬,侬
新京报,女孩,硕士,毕业,坚守,乡村,学校,年,课堂,仅,学生
三乐大,掌柜,学堂,角,度,画出,度,角,方法,学会
姐,霸气,驾驭,不住,ede,Windows,取消,睡眠,方法
小学,数学,园地,年级,数学,课外,辅导,提,优课,倒推,方法,答案
资讯,观察,张勇,母校,演讲,教给,学习,学习
保险,狼,叶云燕,寿险,行销,境界,品牌,建设
摄影,黑客,山东,乳山市,实验,年级,入学
梨,视频,军训,时,太阳,选中,新生,女孩,晒,伤,脸肿,带,口罩,全副,武装
红星,视频,直播,开学,课,武大,学生,方阵,拼字,表白,祖国
令,心动,offer,秒,切换,职场,达人,李晨,柴律,蔡昆廷,咖啡师,徒配,合度,满分
微语,东来,职场,教育,领导
梨,视频,全班,老师,献唱,送表,白,纸条
饭果,果儿,面试,反问,面试官
西西,片场,加,老师,说,家长,控诉,学校,开除
三乐大,掌柜,学堂,年级,数学,简单,课程,难,住,家长,越,简单,越,讲
小学,数学,园地,年级,数学,奥数,提优,课堂,公式,套用,整理,关键
令,心动,offer,申请,法律,援助,条件
小豆,电工,知识,星三角,降压,启动,电路,加装,指示灯,实物,讲解
知识,课堂,岗位,出纳,职责
小学,数学,园地,年级,数学,奥数,辅导课,改错,加,补,回来,加,减,回去
令,心动,offer,鼓励,元气满满
三乐大,掌柜,学堂,公务员,考试,常识,隐形,飞机,指,飞机,肉眼,见
知识,分享,求,直线,方程,方法
三乐大,掌柜,学堂,天津市,数学,竞赛,知,解题,条件
宝妈,快乐,数学,思维,课,课时,巧算,相邻,数,积差
梨,视频,高校,推出,高标准,宿舍,平米,寝室,台,空调,套,豪华,家具
新京报,江苏,高校,顶,帐篷,供,新生,家长,休息,男女,隐私
成弘,说,娱乐,事,年级,妈妈,买,袋,付,元,斤,钱
丝井,领导,时间,宝贵,主次不分,汇报,体现
杨艾伦,课堂,句,英语,句子,背,系列
知识,课堂,挂科,考研,影响
动漫,天空,李玫瑾,教授,孩子,长大,听,听,家长,时间,抚养,相关
知识,课堂,跑,英语,说
扒,卦,军训,结束,教官们,集合,撤退,学生们
视界,奇闻,道,想到,答案,错
三乐大,掌柜,学堂,数学,竞赛,方程,计算题
书亭,楷书,铅笔字,笔画,长横
知识,共享,优选,外表,模特儿,Ted,演讲,字幕
知识,殿堂,C盘,存储,满,清理
奇趣,公务员,考试,增,减,数列,解出,答案
梨,视频,新生,退伍,教官,庆生,送,考研,英语,书,做,礼物
三乐大,掌柜,学堂,公务员,考试,图形,推理,成百上千,近义,关系,程度,递进
红鲤鱼,知识,百科,劝学
知识,殿堂,英语,美,句
奇闻,探索,家,女生,宿舍,里,床,挂,床帘,真相,女,学生,脸红
知识,课堂,知识,课堂,excel,设置,密码
小学,数学,园地,数学,年级,奥数,辅导,课堂,解决,数量,关系,关键
三乐大,掌柜,学堂,沙漏,沙漏,测出,时间
梨,视频,特别,开学礼,美院,送,新生,毛笔,墨汁,配字帖
梨,视频,贴心,学长,腰包,送,新生,军训,神器,卫生巾,学弟,特别,惊喜,意外
梨,视频,新生,班级,群调,戏,辅导员,开除,学校,回应
思维,达人,神侯,面试官,碰到
秀梅,解说,ps,教程,ps,消失,点,知识
腾讯,新闻,财约,财约,丨,造假,校园,浮躁,南开,前,校长,功利化,极,误区
厚,大法,考,法,考客,观题,考试,国法,试题,听听,殷敏,老师,说
梨,视频,男孩,肌无力,行走,全,年级,留守,楼,学校,修,专厕
TED,演讲,TED,讲,孩子,监狱,里,父母
音乐,唱,天,军训,时,教官,讨厌,新生,教官,变,法,折磨
梨,视频,太原,学院,教学楼,墙,砖,脱落,砸,伤,学生
知识,课堂,WPS,表格,插入,格式,页码
知识,课堂,盖斯,定律
积分制,管理,事,早上,张,总,面试,员工,张,总,招聘,高招,员工
娱小鱼,学院,相互pk,土味,情话,轮番
三乐大,掌柜,学堂,脑力,测试,找,规律,梦鸽,老师,填法
梨,视频,身,教学,老师,讲到,传统,服饰,穿,定制,汉服
三乐大,掌柜,学堂,数,加,减去,求,数
知识,课堂,请问,电流,计算
高臻臻,脑细胞,微型,实体店,营销,做
三乐,学院,公务员,考试,常识,感,感觉,快,嗅觉
知识,分享,考研,政治,复习
知识,课堂,次,根号,方程,计算
知识,殿堂,专升,具备,条件
小学,数学,园地,数学,年级,奥数,辅导,课堂,孩子,错,答案
知识,殿堂,相,电表,接线
知识,殿堂,引导,孩子,学,年级,汉语,拼音
知识,分享,拼音,字母K,笔顺,写
知识,殿堂,word
知识,课堂,魔方,超,简单,入门,教程
梨,视频,史上,燃,军训,模拟,实战,穿越,烈火,泥潭,场面,堪比,战争
小学,数学,园地,年级,数学,课外,辅导,提优,课堂,初中,消元,思想
三乐大,掌柜,学堂,初中,数学,方程,伪装,外套,常用,数学,公式
精彩,点评,金灿荣,工业,社会
小学,数学,园地,数学,年级,课堂,辅导,训练,墙,长方形
人文,清华,清华,讲坛,钱易,做好,件,事
知识,分享,ps,辅助线
三乐大,掌柜,学堂,年级,图,腰直角,求,阴影,面积
小学,数学,园地,年级,数学,辅导,微课堂,整理,条件,快速,理解,解决
梨,视频,课,苏轼,弟弟,苏辙,团聚,真情,留下
三乐大,掌柜,学堂,全国,数学,竞赛,简单,做,难,信,算算
醉人,职场,新人,生存,指南,职场,真的,防不胜防
精彩,点评,张维为,网络,爆红,演讲
知识,分享,老师,办公室,英文,说
知识,分享,高校,教育部,直属,学校
餐厅,教授,告诉,男生,女生,差别,超,时间,长
三乐大,掌柜,学堂,初中,数学,求（x-y）05+（y-z）05+（z-x,05值
三乐大,掌柜,学堂,道,计算,难,学生,送,衡水,难
知识,课堂,ps,工具,盖,印,图,层,快捷键
知识,课堂,Excel,批量,复制,图片,工作表
三乐大,掌柜,学堂,成立,老师,简单,步骤,证明
三乐大,掌柜,学堂,数学,求,阴影,面积
红星,视频,直播,出租车,抽烟,阻要,投诉,局长,告
MED,24,探讨,外科,疾病,胆石症,胆道,肿瘤
贱贱,词,贱贱有词,protect
小学,数学,园地,年级,数学,辅导,课堂,学,常,思考题
知识,课堂,功率,公式,样子
三乐大,掌柜,学堂,初中,数学,解方,程,考察,知识,基础,扎实,做
笑,小生,清华,教授,彭林,成人
爱,壮壮,撩,男人,方法,投其所好,字
观,视频,工作室,勺,思想,滕继萌,黑色,党徒
三乐大,掌柜,学堂,初中,难,x05+y05=6,xy=1,求x-y,值
知识,殿堂,金山毒霸,添加,信任
三乐大,掌柜,学堂,简单,数学,算法
点睛,数学,公务员,考试题,学习,绘画,时,循序渐进,学习,次序,应
知识,殿堂,万能表,测量,电子,数据
时间,视频,军训,生活,新生,记录,军训,生活,创作,张
知识,课堂,花,诗句
动漫,天空,报,全日制,研究生,搞,成非,全日制,张雪峰,说出,实情
知识,殿堂,做好,cad图,保存
三乐大,掌柜,学堂,数学,老师,怒,简单,数学,做
知识,殿堂,声母,韵母,整体,认读,音节
知识,分享,excel,表格,快捷,合并,单,元格
一刻talks,方法,找到,职场,核心,竞争力
浙,视频,炒菜,耽误,诗人,杭,高校,厨师,写,诗,千,首,梦想,方文山
梨,视频,勿,忘,国耻,学生,防空,演练,学生,疏散
知识,分享,做好,团队,建设,方法
梨,视频,学长,学姐,众筹,斤,西瓜,送,军训,新生
梦琪,七七,猜猜,面试,成功
英语,演讲,视频,精选,TED,演讲,监狱,金融
梨,视频,老师,晒,教师节,礼物,含,万元,奢侈品,包,校方,家长,送
知识,分享,成考,政策,改革
微语,东来,教师,资格证,面试,时,进,门,讲究,学会,礼仪,高分
新京报,山东,费县,扶贫办,单位,警方,催债
三乐大,掌柜,学堂,公务员,考试,常识,电度表,电,耗电量,指
知识,课堂,简历,写
令,心动,offer,实习生,法律,援助,面对,真实,加油团,全员,爆哭
娱乐,捕捉者,独家,冯英,选择,芭蕾,芭蕾,选择
平面,设计师,新,Photoshop,教程,ps,教程,超级,干货,合成,教程
财经,澳门,讲座,教授,贾维嘉,国家,重点,实验室,面临,方向
浙样,红养生,情况,切除,盲肠,切除,盲肠,影响
造就,专访,万玛才旦,语言,消失,民族,意味着
三乐大,掌柜,学堂,年级,共,年级,年级,求
小豆,电工,知识,插卡,取电,开关,控制,接触器,接线,步骤,讲解,运行,演示
曲洲,老师,画,卡通,犯愁,手抄报,消防,手抄报,设计
三乐大,掌柜,学堂,初中,常,识题,常理,出牌,初中,没,学,求,mn,值
知识,分享,提前,批次,录
蒋双双,聊,娱乐,ppt,必备,素材,网站,神技能,早点儿,梦
知识,课堂,word,操作表
傻瓜,英语,追,女神,技巧,单身,福,方法,学习
白满川,位,老,领导,告诫,社会,定,牢记,少,栽
知识,分享,螺纹,计算,公式
科普,全书,面试,介绍
欢畅,游玩,失败,成功,衡量,张雪峰,老师,告诉,句
三乐大,掌柜,学堂,公务员,考试,真题,指
知识,殿堂,windows,添加,解决
梨,视频,山鸡,戴,眼镜,残疾,回乡,创业,养鸡,带动,残疾人
三乐大,掌柜,学堂,年级,数学,课堂,讲解,值,入手,理解
小豆,电机,互锁,电路,接触器,互锁,互锁,电路图,讲解
知识,课堂,数学,里,算,函数
动漫,天空,英语,数学,张雪峰,建议,考,服张,老师
新京报,北,流震,广西,高校,宿管,声嘶力竭,提醒,学生,慌,千万,跳窗
小学,数学,园地,年级,数学,奥数,微,课堂,差,思考,解决
知识,分享,区别
知识,分享,函数,值,值,公式,求和
小学,数学,园地,年级,数学,奥数,学习,课堂,年龄,里,知识,理解
问,都会,开会,睡觉,检讨,写
美丽,双彩,印象,甄,传,学习,职场,技巧,职场
知识,分享,led灯,闪烁
小学,数学,园地,年级,数学,奥数,课堂,长,宽高,求长,方体,表面积
梨,视频,高校,学霸,宿舍,全,保研,脱单,单身,操碎,心
一刻talks,垃圾,急,现实,答案
知识,分享,微安,安
Excel,每日,精选,快速,错乱,数据,数据,显示,颜色
HeyDrones,调色,必备,知识点,Log,色彩,HLG,色彩
梨,视频,推行,校长,陪餐,保障,食品,学生,荣幸,开心
浙,视频,女,教官,嗓子,沙哑,失声,训练,学生,感动,心疼
知识,课堂,方程
知识,殿堂,根号,代数式,互为
知识,分享,美图,秀秀,改,方法,简单
三乐大,掌柜,学堂,公务员,包括
时间,视频,重庆,新建,博物馆,指,赝品,校方,成立,工作组,核查,质疑
外国,事,老师,带,位,女,学生,做,测试,泡沫,天花板,效果,太,酷炫
点睛,数学,必胜,专栏,章,数,代数,考点,余数
新京报,贵州,校长,提,水桶,校门口,返校,女生,卸妆,家长,孩子,力挺
知识,分享,超酷,Flash,火柴人,动画,制作,教程
韬韬,知识,课堂,资源,行政,区别
知识,课堂,请问,查询,高考,考生号
三乐大,掌柜,学堂,竞赛,必,考题,学霸,招,解题
虚极,静笃,固定,镜头,客观,表达,孙振虎,教授,主讲,影像,镜头,形态
知识,分享,excel,match,函数,教,招,解决
知识,分享,WPS,设置,装订线
知识,殿堂,主系表,主谓宾,区别
三乐大,掌柜,学堂,公务员,考试,常识,金屋藏娇,位,皇帝
知识,课堂,公司,公司,发函,范文
鉴易,张华,老师,宣传片
雄县,电视台,县,主题,教育,宣传,演出,走进,苟各庄镇
知识,殿堂,专业,考研
艺述史,判断,关键,年轻人
令,心动,offer,率先,开,写,李,浩源,草稿,律师,评价,课题,难度,高
小喵,闲聊,学会,花钱,钱,越,花,越,区分,钱包
知识,分享,方程组,解
知识,分享,考研,数学
小学,数学,园地,年级,数学,辅导,提优,平移,方法,图形,转化,成长,方形
知识,殿堂,equals,区别
梨,视频,防逃课,终极,招,高校,刷,指纹,签到,学生,直呼,敢,逃课
安徽,海豚,播报,复,理想,课程,复旦,开,门课,似是而非
知识,课堂,普通话,划分
知识,殿堂,转述,句,改
知识,殿堂,fail,fail,区别
高臻臻,脑细胞,异业,合作,伪命题,请,面对,现实
高数,叔,高数,基础,章,泰勒,公式,综合
知识,课堂,时评,写,方法
三乐大,掌柜,学堂,初中,数学,找,规律,填空,道,做,学生,班上,学霸
知识,分享,Photoshop抠,图
红星,视频,直播,厚植家,国情,怀,国庆,升旗,成都,师生,家长,变,约定
知识,分享,补助,申请,书写,方法
三乐大,掌柜,学堂,公务员,考试,真题,李逵倒,拔垂,杨柳,选出,情节,搭配,选项
知识,分享,公务员,事业,单位,差别
时间,视频,高校,雾气,笼罩,开学,典礼,现场,似,仙境,学生,风雨,见,彩虹
蓝鲸,财经,记者,平台,井,越,vlog,喜剧,创作,方式
创战,创战,丨,国货,硬,道理,年,时间,版,星巴克
课工场,北美,大数据,武汉,课工场,计算,培训,课堂,领域,操作,系统
三乐大,掌柜,学堂,数学,做错,答案
知识,能手,求职,简历,撰写
柯南,学长,女朋友,相恋,天,年,全网,算,水平
知识,课堂,高职,院校,单招
爱,爱,走,好不,零,基础,学,ps,换脸,合成,合影
娱乐,牛蛙,黄智贤,讲述,欧美,留学,厌倦,白人,嘴脸,愿,祖国,变,强大
感受,春天,气息,重庆,岁,高三,学生,参加,世界,顶尖,科学家
知识,分享,英语,说
知识,分享,请问,英语,美,句
知识,殿堂,Win10,远程,桌面
梨,视频,哭笑不得,课桌,装,矫正器,趴,写,字头,卡
祯哥,聊趣wen,提高,演讲,魅力,办法
梨,视频,新生,课,开学,典礼,校长,背,岁,教授,主席台
梨,视频,学以致用,厦,树课,学生,居民,修剪,影响,采光,通风
知识,课堂,表格,高级,筛选,方法
知识,分享,选,专业,前途
多乐,玩具,书房,英语,说,学习
知识,分享,芯,网线,接法
知识,分享,区别
动漫,天空,杜子,建,学会,吃亏
通海,广播,电视台,马春明,讲授,忘,初心,牢记,主题,教育,专题,党课
小学,数学,园地,数学,年级,辅导,课堂,图形,找到,方法,想想,转化,策略
知识,殿堂,学习,前景,技术
知识,抢先,学,面试,时,介绍
高数,叔,高数,基础,章,抓
知识,殿堂,W电机,电线,平方够
笑,日落,无限,忘,初心,牢记,秉,公正,学习,李庆军,先进,事迹
GDTV,做,压力,诱惑,选择,长大
梨,视频,老师,指,体罚,学生,校长,家长,理解,学校,宽容,老师
三乐大,掌柜,学堂,金字塔,数,列求,计算,学霸,老师,方法
箴言,微熏,军训,计时板,牌面
奇趣,字谜,省下,砖头,猜,字,猜到,谜底
三乐大,掌柜,学堂,公务员,考试题,常,说,半老徐娘,徐娘,原,指
小学,数学,园地,年级,数学,辅导,提优,学会,量代,换,知识,利用,消去,方法,解题
令,心动,offer,律政虎妞,郭,旭,科普,法律,意义,希望,更
抖芽,视频,学生,考试,成绩,喝,真
易,演伤,寒论,豆子,诊望,手掌,发白,主失,血气血虚,易,演伤,寒论,公开课
宁夏,卫视,工商,职业,技术,学院,模式,确保,主题,教育
点睛,数学,必胜,章节,图形,考点1,图形,格点
知识,殿堂,笔记本,光盘,重装,系统
三乐大,掌柜,学堂,提取,关系,迎刃而解
星球,探险家,成都,东软,学院,学子,方言,庆祝,祖国,生日,快乐
大宝,记录,忍,媒体,辞职,创业,收入,话,信
TED,演讲,TED,短片,渴望,关注,削弱,创造力,斯诺登,主演,推荐,办法
三乐大,掌柜,学堂,公务员,考试题,天,晴,尺平,银,指
三乐大,掌柜,学堂,巧算,思路,讲,计算,学会
喵,传人,创新,教学,学生,基础,老师
小学,数学,园地,数学,年级,奥数,学习,微,课堂,利用,余数,找,图形,规律
三乐大,掌柜,学堂,公务员,常识,真题,寸,指蛇
知识,课堂,位数,位数,运算
三乐大,掌柜,学堂,初中,数学,培,优题,求n,弄懂,关键
三乐大,掌柜,学堂,公务员,考试,常,识题,永乐,编成,选出,城市
梨,视频,听,高中,开学,现,明学,语录
傻瓜,英语,老爸,心疼,写,没,想到,老师,更,变本加厉
知识,殿堂,广东,公务员,报考,流程
三乐大,掌柜,学堂,初中,数学,竞赛,平时,积累,做题,方法,困难
小学,数学,园地,数学,年级,期中,复习,课,长方形,周长,变化,必考
leo,张,大志,问答,天天,加班,老板,累,关系,办
梨,视频,长大,成,女孩,毕业,年后,回,母校,谢谢,老师
梨,视频,岁,女生,校内,坠楼,身亡,家长,监控,疑事,遭,老师,责罚
腾讯,新闻,问答,时光机,时光机,丨,体验,风声,说,惩罚
问,都会,面试,答
BTV,北京,新闻,栏目,角逐,国考,竞争
梨,视频,开学,先,秤,高校,迎新,现场,放体,脂机,学生,私人,订制,健康,计划
积分制,管理,事,客户,发,红包,供应商,寄,礼品,员工,收,张,总
梨,视频,通往,秋天,高校,封,路,留,梧桐,落叶,供,拍照,学生,美,诗意
梨,视频,青春,洋溢,课间操,千,齐跳,街舞,走红,老师,男女生,爱,跳
动漫,天空,李玫瑾,老师,心理学,失眠,睡,失眠,竟是,原因
知识,分享,Excel,设置,选择,项,数据,序列
令,心动,offer,女友,非礼,男生,报复,杀人,实习生,选择,控,辨方,展开,辩论
央视,2019,主持人,大赛,田靖华,激情,演讲,超,深刻
科普,中国,官方,账号,科普,秒,高中,数学,解密,高七,测绘
常,老,说,书法,老先生,诗,长歌行,苍劲,流畅,行书,堪称一绝
爱,棋道,围棋,教育,死活,课堂,心,心法
知识,殿堂,更改,视频,颜色
一刻talks,AI,DATA,HR,行业
知识,殿堂,数学,圆柱,面积,公式,计算
小英,男人,变心,担忧
梨,视频,山东,高校,宿舍,喜,提,空调,学生,教室,里,遥控
知识,殿堂,微信,公众号,申请
糖果,芭比,施怡彤,员工,沟通
梨,视频,高校,食堂,称,手抖,紧张,领班,拆台,抖勺,潜规则
青流,视频,军训,汇演,超,震撼,千,组字,壮丽,年,奋斗,新时代
学习,袁隆平,飙,英语
梨,视频,高校,浴室,采用,欧式,设计,学生,摄影棚
梨,视频,高校,军训,组顶,水瓶,训练,方阵,学生,治好,含,胸驼,背
知识,分享,程序员,电脑
梨,视频,幼儿园,开学,萌娃,哭崩,开哭,成群结队,哭
点睛,数学,贵阳市,初中,毕业生,学业,历史,考试,选择题
新闻,聚焦,演习,难题,难倒,众,邓小平,抉择
图,考研,睡,犯困,集体,坐,走廊,外,背诵
时间,视频,高校,野外,拉练,场面,堪比,战争,校方,锻炼,学生,意志,强军,梦
醉人,职场,新人,生存,指南,职场,真的,防不胜防
精彩,点评,金灿荣,说,教育,成功,创新,胡说八道
知识,殿堂,知识,课堂,excel,表格,单元格,整体,缩小
新京报,女,教师,殴打,学生,重审,原告,律师,追加,教育局
腾讯,新闻,财约,财约,丨,蓝翔,清华,区别,南开,前,校长,行行出状元
三乐大,掌柜,学堂,年级,数学,难度,加法,图画,形式,讲解
腾讯,新闻,财约,财约,丨南,开前,校长,校长,加,副部级,丢人,事,完整版
腾讯,新闻,财约,财约,丨南,开前,校长,龚克,周,总理,南开,学生
尼尔,知识,学堂,做好
1818,黄金,眼,变身,钢铁侠,杭州,穿,机甲,军训
三乐大,掌柜,学堂,位数,速算,学霸,老师,教,方法,短,时间,求出,算式
三乐大,掌柜,学堂,数学,竞赛,段,孩子
趣味,学,知识,高层,领导,汇报
丝井,领导,优有劣,品味,领导,交心,事业,发展,保障
梨,视频,母子俩,节,课,感受,氛围
三乐大,掌柜,学堂,告诉,角平,条件,辅助线,呼之欲出
三乐大,掌柜,学堂,数学,冬季,培优,测试,弄,懂单,双数,加法,减少,运算量
知识,殿堂,知识,课堂,电灯,开关,接线,安装
知识,课堂,word,表格,编辑,插入,单元格
梨,视频,北京,开壁,画课,老师,教,学生,传统
娴院,娴院,演讲,梁,香草,年,老人,做,事
沈阳,铁路,沈,沈阳,阳理论,微课堂,期
哆,梦,户外,玩耍,偶然,瓷器样,东西
心中,声音,眼中,画,复旦,陈平,西德,学习,样子
小学,数学,园地,年级,数学,奥数,学习,课堂,理解,碎石,水,体积,转化,解决
知识,课堂,年级,语文,辅导
不惑痴翁,梦想,身边,放弃,敢想敢做
青流,视频,动画,流失,父,青铜,组器,重回,祖国,怀抱
三乐大,掌柜,学堂,公务员,考试,数字,规律,众人,答案
三乐大,掌柜,学堂,初中,数学,易,错题,做,错过,记得,错
解忧,科技站,女生,宿舍,挂床,帘,学姐,说出,点,原因
梨,视频,美女,老师,带,画本,素描,记录,学生,美好,瞬间
小学,数学,园地,数学,年级,辅导,课堂,高年级,学方,程,方程
袋鼠,新,娱乐,职场,里,时间,事情,保留,关系
娱乐,解说,阳冰,金灿荣,妙语,体系,国人,淡定
三乐大,掌柜,学堂,数学,哥哥,妹妹,年龄,岁,时,岁
知识,分享,配方,法解,初中,数学,方程
厚,大法,考,法考,复习,时间,短,精力,放,教材,听,刘鹏飞,老师,建议
孙,逸豪,视频,空间,江苏省,泰州,课间,活动,扫描
三乐大,掌柜,学堂,道,数学,简单,答案,少,回,事
英语,演讲,视频,精选,TED,演讲,零,浪费,生活
三乐大,掌柜,学堂,公务员,考试图,形题,瞄准,称轴,方向
三乐大,掌柜,学堂,年级,期末,考试,隐藏,条件,尖子,生,避开,陷阱
黄,港,鬼步舞,学生,爱,运动,健身操,增加,肺活量,燃脂,减肥,强身健体
令,心动,offer,岳律,举例,典型,失火罪
济,计,李善友,精彩,演讲,构建,完整,知识,体系,读,书,收藏
梨,视频,酸,高校,辅导员,陪,新生,军训,热,累
极热,资讯,专业,师傅,教,电烙,铁接线,方法,值得,学习
点睛,数学,必胜,专栏,章,数,运算,考点5,简便,运算题,裂,项,法题型
梨,视频,贴心,新生,开学,高校,备,手绘,家长,全
糖果,芭比,施怡彤,员工,沟通
三乐大,掌柜,学堂,初中,数学,说,条件,够用,做
游戏,翮翰,ps,揭秘,PS抠,头发,教学,收藏
萌萌,爱,大神,零,基础,学,ps,快速,拥有,卡姿兰,眼睛,皮,开心
胖,乐星,仕强,讨好,死路一条,听完,恍然大悟
清晨,明露,客户,富兰克林,成交法,帮,客户,快速,做
勤学乐,武术,一家人,Camtasia,卡塔沙,录屏,软件,剪切,工具,教学
小学,数学,园地,年级,数学,课外,辅导,提优,加减法,画图,理解,做
BTV,首都,经济,报道,栏目,感冒,流感,真的,视频,学习
三乐大,掌柜,学堂,公务员,考试题,泼水节,少数民族,传统,节日,傣族
三乐大,掌柜,学堂,公务员,考试,真题,少数民族,省份,省
知识,分享,电脑,excel,开
知识,殿堂,新生,提前,报到
梨,视频,深圳,学校,交,伙食费,进校,午休,学生,蹲校,门口,吃饭
TED,演讲,TED,黑天鹅,预防,灰犀牛
红星,视频,直播,语言,读诗,诗人,相约,杜甫草堂,诗圣,杜甫
安萱,爱,说,剧情,领导,关系,听到,领导,说,句,悄悄话,套路
三乐大,掌柜,学堂,公务员,考试题,赔了夫人又折兵,位
梨,视频,真假,台湾,腔,学生,考倒,路人
科技,趣兄,刚,面试,焊工,解决,老板,难题,技术,堪称
梨,视频,食堂,快闪,庆祝,教师节,老师,仿佛,年轻,岁
知识,殿堂,ps,d,软件
知识,分享,英语,读
神仙中人,ir,面试,时,问,面试官
厚,大法,考,听,罗翔,老师,讲,回忆,版,真题,里,考,真题,里,频繁,考到,考点
三乐大,掌柜,学堂,公务员,考试,常识,农民,次,洪秀全,领导
知识,分享,幼师,条件
三乐大,掌柜,学堂,道,简便,计算,学霸,简便,解法,想,半天
尼尔,知识,学堂,做好
梨,视频,仙女,班,高校,新生,班级,男生,爸爸,开心
三乐大,掌柜,学堂,高考,真题,求函数,值,求导,方法,暴力,破解
知识,课堂,注册,工程师,流程
雪雪,讲,戏,心理学,毁掉,方式,常,做,件,足够
梨,视频,夫,做饭,妻,缝,衣,教师,扎根,山区,年,学生,想
梨,视频,悲伤,教师节,班主任,课堂,倒地,抢救,身亡
梨,视频,幼儿园,开学,孩子,哭成,片,园长,焦虑
梨,视频,仙,开学,典礼,高校,雨,雾,弥漫,仙境,学生,风雨方,见,彩虹
梨,视频,新生,家长,食堂,父母,感觉,孩子,长大
时间,视频,难忘,老师,新生,举办,生日,趴,寿星,接到,祝福,插卡,跳
三乐大,掌柜,学堂,年级,数学,天生,学习,基础,知识
时间,视频,粉笔无言,写,春秋,山区,孩子,采野,花送,老师,老师,美的
光哥,经验,分享,共赢,启发
知识,课堂,电动机,控制,电路,电路图
新闻,夜航,英语,班,停课,众多,家长,慌,神,涉及,学费
杨艾伦,课堂,系列,句,英语,句子,口语,简单
爆蕉,奇闻,操碎,心,高校,双,开设,脱单,课,老师,学生,需求
合一,领袖,学院,互联网,时代,整合,营销,爆品,策略,互联网,思维,商业,模式,玩法
北锅,外国,教授,精髓,流泪,西方
知识,殿堂,勾函,数,数学,定理
阿君,谈,职场,教育,职场,执行力,缺失,提高,执行力
TED,演讲,TED,高科技,纹身,实时,显示,健康,信息
观察者,网,黄薇,近代,西餐,传入
三乐大,掌柜,学堂,年级,退步,学霸,老师,详述,知识点,慢慢,学
三乐大,掌柜,学堂,年级,简便,计算,浅显,话语,讲,做
三乐大,掌柜,学堂,年级,知识点,发愁,孩子,听,懂,学霸,老师,讲
梨,视频,年级,新生,撞名,丘吉尔,班上,梓,带,怡
细知,生活,身处,职场,说话,时刻,闭嘴,闭嘴
海峰,100,秒,职场,应聘,实话实说,吹嘘,更
梨,视频,惊险,幕,恶犬,发狂,学生,执勤,民警,阻挡,咬伤,处
三乐大,掌柜,学堂,数学,图,条件,少,灵活
静静,S,王,爱,生活,游戏,wps,表格,拉列表,设置,方法,简单,易学,轻松,操作
静静,S,王,爱,生活,游戏,wps,表格,压缩,方法,学会,老铁,点,支持
走进,科学,筷子,封印,原理
五岳,影鞭,股市,妖股,出世,附股
谈育儿,经典,语录,焦虑型,家长
点睛,数学,必胜,专栏,章,数,代数,考点五,规律
三乐大,掌柜,学堂,加减法,孩子,手指头,掰,算,阻止,方法
拥音,乐享,快乐,复旦,陈果,评判,善恶
三乐大,掌柜,学堂,公务员,真题,众人,拾柴,火焰,高,关系
吱刷,电影,招商,女神,王昕,老师,亲授,招商,秘诀,学会,愁,产品,销售
宝石,总学,英文
三乐大,掌柜,学堂,升初,竞赛,条件,方程,难倒,学霸,解题,方法
三乐大,掌柜,学堂,学霸,答案,掉进,陷阱,里,忽略,隐藏,限定,条件
三乐大,掌柜,学堂,年级,课程,难,老师,基础,牢固
一刻talks,千锋,教育,讲师,王皓,设计,数据,枯燥
三乐大,掌柜,学堂,典型,方程,根号,含有,高次,未知数,挑战,难度
梨,视频,高校,千,学生,闪光灯,拼,老师,女,教师,表白
清晨,明露,房地产,销售,开场白,讲,商铺,销售,搞错
孙,逸豪,视频,空间,江苏省,泰州,模联社,刘天路,接受,泰州,电视台,采访
知识,殿堂,投诉,韵达,快递,公司,方法
点睛,数学,必胜,专栏,章,数,运算,考点4,简便,运算题,变形,约
创战,创战,丨,瑞幸,咖啡,CEO,吐槽,难,辞职
三乐大,掌柜,学堂,脑力,测试,知,数字,求,问号,处
音乐,唱,天,体育生,怂,军训,时,痛苦,项目
动漫,天空,李玫瑾,孩子,青春期,父母,闭嘴,幽默,道理
芥末,堆,GET2019,教育,科技,时代,职业,教育,机会
小学,数学,园地,年级,数学,奥数,辅导,课堂,难题,画图,理解,发现,差,倍
知识,课堂,平行,志愿,滑档
人文,清华,谈判,专家,砝码,说服,绑匪,清华,教授,张明楷,建议
精彩,点评,郭,继承,做好,平凡人,请,知识分子
智能,界网,汉王,通,方法
萌人,教育,令,心动,offer,职场,脱颖而出
叶彤,说解,影视,激荡,收视,口碑,双丰收,收废品,企业家,聚焦,平凡人,奋斗
西安,电子,科技,大学,西电,级,军训,汇演,版
51,逛,老师,总,谈司,马光,砸缸,救
知识,殿堂,国考,时间
搞笑,嘉欣,excel,表格,技巧
中国,网,文化,瑞典,幼儿园,强制,吃素,保护
奇趣,公务员,考试,真题,学霸,推理,出,数,答案
大洋洋,句,英语,句子,背
三乐大,掌柜,学堂,数学,竞赛,挺,新颖,原理,简单
造就,熊莹,坦率,说,亲子,沟通,父母
提案,追踪,网络,专家,煤气罐,先,灭火,消防员
龙岗,新闻,龙岗,新闻,DCradle,创客,家园,创业者,梦工场
福建,新闻,频道,挥洒,青春,拥抱,梦想,期,鲲鹏,赛道,线上,高校,训练营,开启
知识,分享,请问,excel,区域,设置
三乐大,掌柜,学堂,蒹葭,字,听听,学霸,老师,解答
胡椒,视频,尤金・列维,教,流行,英语,俚语,涨,姿势
三乐大,掌柜,学堂,求a05,b05,值,差生,尖子,生,区别,属
三乐大,掌柜,学堂,年级,求,阴影,面积,家长,判定,少,条件,错题,尖子,生,做
g雏,钱学森,学生,谈话,强
代珊,讲,视频,庆生宴,夹菜,夹,长颈鹿
小哥,名言录,复旦,陈果,教授,孤独者,朋友
梨,视频,军训,期间,男生,成,防晒霜,购买,主力,爱,挑贵
咿呀,咿呀V,百,园长,德英乐,周浦,幼儿园
厚,大法,考,民刑,导学,阶段,课,快,学
寰球,惊叹号,联合国,通用,语言,落选,原因,汉语
浙,视频,震撼,航拍,杭师大,新生,军训,表演,青春,赞美,祖国
梨,视频,学校,偷偷,学生,发钱,诈骗,学生,保护,贫困生
知识,课堂,word,快速,统一,图片
大洋洋,流行,词梗,表情包,动图,贴图,鬼畜,英语,说
第一,国学,职场,老实人,越,努力,越,失败,件,事
小学,数学,园地,数学,年级,讲解,微课堂,学习,渗透
微剧,王,年轻人,混,差,做,慢慢,毁掉
新京,报动,新闻,教体局,回应,幼儿,排队,耳光,涉事,老师,责令,辞退
梨,视频,高校,食堂,变,画廊,吃饭,钢琴,伴奏,学生,高级,餐厅
求尔,智者,刘,星言,职校,身份,逼,创业
梨,视频,军训,结束,学生,哭喊,教官,辛苦,抱头,相拥
知识,殿堂,设置,excel,斜线,表头
爆笑,情缘阁,学会,兴奋,贴上
浙,视频,高校,男女,男生,成,国宝,谈恋爱,抢
三乐大,掌柜,学堂,初中,数学,全,线段,想,求,角度,关键,做,辅助线
木棉,说,演讲,木棉,说,演讲,兰海,催泪,发问,家庭,安全感,指数
三乐大,掌柜,学堂,公务员,考试,真题,美国,机构,代称,难度
知识,课堂,高中,填报,志愿
梨,视频,教师,女,老师,坚守,深处,全校,学生,授课
小学,数学,园地,年级,奥数,学习,课堂,数,出
小学,数学,园地,数学,年级,奥数,辅导,训练,找,规律,基础,发现,差数,列求
话,请,亮牌,话,请,亮牌,丨,灵魂,移植,电脑,肉体,永生,接受
梨,视频,惊喜,开,学礼,高校,入学,典礼,变,生日,趴,新生人,手,蛋糕
奇趣,公务员,考试,刚刚,选出,答案
知识,殿堂,操作,系统,位,位,区别
梨,视频,武大,开学,典礼,新生,演讲,劝离,想,机会
梨,视频,高校,图书馆,现,墙,学生,窝,舒服
梨,视频,学生,军训,晾衣杆,练,刺刀,杀,模型,枪,晾衣杆,脱销
高数,叔,高数,基础,章,间断,点
三乐大,掌柜,学堂,基础,数形,弄懂,平方公式,死记硬背
john19820,学,数学,数学,魅力
奇趣,公务员,考试,选择,项,填入,问号,处,图形,规律
三乐大,掌柜,学堂,出题,规律,幂次,越,高,算出,答案,越,简单,信,道,解法
平,说,教师节,学生,送,礼物,奇葩,送,袜子
动漫,天空,学,化学,老师,问,买,保险,张雪峰,说出,实情,忍,笑
梨,视频,高校,推出,糖尿病,专,热量,学生,适合,减肥
leo,张,大志,问答,刚,新,领导,老,员工,听,指挥
小学,数学,园地,数学,年级,课外,辅导,课堂,倍数,关系,线段,图,理解
DV,现场,男子,配合,喊话,锁,耐心,教育,终于,认错
知识,课堂
军武,天下,军训,汇演,献礼,国庆,建国,周年,祖国,强大,喝彩
知识,分享,兴趣,爱好,英语,说
爱上,娱乐,职场,里,学会,谈,非人
厚,大法,考,罗翔,老师,学习,情况,称为,防卫
清晨,明露,克服,销售,紧张,情绪,销售,老,油条,清露,告诉,方法
知识,课堂,简述,极,电流,放大
教,TED,失败,回避,话题
梨,视频,酸,高校,迎,国庆,学生,发,元,补贴
时间,视频,女生,校门口,卖,军训,鞋垫,天,挣,保安,城管
动漫,天空,仕强,岁,半,墙,教育,聪明
清晨,明露,误会,销售,套路,褒义词,技巧,方法
令,心动,offer,诉讼,前景
TED,演讲,TED,叙利亚,逃离,战场,偷渡,英国,葬身,尸体
智慧,长沙,资讯,独家,V视,丨,花钱,搞,学习,长沙,付费,悄然,兴起
时间,视频,贵州,教育局,回应,提,水桶,学生,卸妆,答复
知识,课堂,注册,准考证
萌人,教育,学生,转换,职场,工作者,角色,转换
精彩,点评,白岩松,读书,完,段,明白,值得,深思
青春,上海,快闪,祖国
三乐大,掌柜,学堂,公务员,考试题,惯用,芭蕉扇,叶子,做成,芭蕉,树
新京报,网红,战略家,金灿荣,走红,心路,历程,雨
梨,视频,高校,运动会,开幕式,学生,齐跳,卡路里
梨,视频,河南,男孩,带队,喊,口号,爆红,老师,根,棒棒糖
知识,课堂,含,税价,计算
知识,课堂,拼音,字母,读
逝爱,爱,电影,学长,研究生,听完,感觉,心塞
三乐大,掌柜,学堂,解题,技巧,值,求,思路,计算
品牌,设计,精选,教,ps,里,制作,表情包
喜欢,人和,婚姻,接受,听听,答案
知识,殿堂,公顷,米
知识,殿堂
轻舞,飞扬,花,深度,思维,公开课,控制,掌控,敌人,总会,成果
三乐大,掌柜,学堂,公务员,考试,常识,白马非马,出自,口
知识,殿堂,表达,思念,诗句
一刻talks,万,乡,更新,章,微光
知识,殿堂,划线,提问,改
新京报,学生,阵庆,国庆,米,长,画布,绘,长城,天安门
梨,视频,累,快乐,新生,手绘,记录,军训,生活,幅,重样
朴素,鹏哥,职场,新,员工,学会,保护,套路
哆哆,音乐,分享,音乐,老师,教唱,忘情水,真的,学会
脱口秀,大会,第2,季,官方号,厉害,建国,写,段子,天,写,字,保证,质量
杨,汉骐,职场,新人,明白,道理,认同
小学,数学,园地,数学,年级,辅导,课堂,方体,表面,展开,图,判断,技巧
点睛,数学,必胜,专栏,章,数,代数,考点四
梨,视频,高校,军训,冷到,裹毛衣,防晒霜
三乐大,掌柜,学堂,数学,年龄,解法,线段,图,画,思路
知识,课堂,excel,表格,删除,表格
知识,殿堂,请问,平方米,公式,计算,方法
三乐大,掌柜,学堂,竞赛,区别,尖子,生还,差生,典型,做
三乐大,掌柜,学堂,脑洞,公务员,考试,真题,做
PS,高手,速成,ps,消失点,技巧,记得,收藏,备用
ps,大咖,ps,制作,撕裂,效果
三乐大,掌柜,学堂,公务员,考试题,面积,省份
三乐大,掌柜,学堂,数字,密室,逃脱,朋友,读,懂,选项,猜出,数组
三乐大,掌柜,学堂,初中,数学,次,根式,常考,做,记,笔记
知识,殿堂,学,知识,波长,频率
知识,殿堂,缩句,方法,技巧
学生,情侣路,吵架,撞,身亡,警方,男生,主责
知识,殿堂,热容,热容,定义
梨,视频,湖南,农大,开学,典礼,院士,齐聚,网友,追,星
知识,殿堂,隔离,开关,开关
知识,分享,辞职,流程,走
动漫,天空,张雪峰,利用,便利,操作,盗窃,储户,情侣,贪污罪
财妈,聊,财商,世界,顶尖,技术,课堂,监测,学生,注意力,错
三乐大,掌柜,学堂,鸡兔,公式,担心,出错
知识,课堂,excel,冻结,首行,首列
小学,数学,园地,年级,数学,提优,课堂,长方形,长,宽,求出,周长
三乐大,掌柜,学堂,美国,数学,x,求,计算,方法
小学,数学,园地,数学,年级,课外,辅导,提优,训练,简单
HiFi,谈,睿韵,声学,HM216,监听,音箱,副,理性,嗓子
三乐大,掌柜,学堂,全国,初中,数学,竞赛,压轴题,难度,系,数五,颗,星,啃,硬骨头
梨,视频,酸,高校,宿舍楼,琴棋书画,样样,学生,狂赞,逛街,次数,少
抖芽,视频,学生,食堂,成绩,成绩,越,低,越
前沿,讲座,梁伟权,建立,职业,晋升,体系,员工,职业,发展,方向
投资,王道,识别,优秀,公司
良辉,演讲,李黎,领导者,影响,员工
tingo猎奇,女生,涌入,表面,留学,真实,目的
高数,叔,高数,叔,概率,条件,概率,公式
三乐大,掌柜,学堂,数学数,图形,典型,学霸,老师,思路,学会,方法
知识,分享,写出,篇
扒,卦,女儿,读,寄宿,学校,悄悄,学校,激动,流泪
梨,视频,食堂,里,棵,贵阳,高校,食堂,天窗,挂,满,装饰,宛如,童话,宫殿
三乐大,掌柜,学堂,年级,脑筋,梨,咬,口,剩
三乐大,掌柜,学堂,公务员,考试,女孩,骑,辆,汽车,共,轱辘
英语,演讲,视频,精选,TED,演讲,选择,更,简单
三乐大,掌柜,学堂,年级,语文,成语,找出,错别字,难度
知识,课堂,LED,灯,坏,方法,维修
时间,视频,荷兰,开设,死亡,体验,课程,学生,坟墓,思考,缓解,压力
点睛,数学,数学,真题,求,次,函数,反,函数,解析式,求x,取值
7点学,招,excel,设置,共享,编辑
三乐大,掌柜,学堂,高年级,弄,算
观察者,网,牛奶,亡国灭种,强体,强国
新闻,夜航,引爆,网络,魔性,活力,课间操
果听,Like,a,star,拍摄,心得,软件,推荐,剪辑,流程
尘,脱口秀,拉近,心理
麦科,文化,时间,改良,盐碱地,蚯蚓,物,土壤,改良剂
暮光,王,座,公务员,考试,行测,技巧,巧,抓题,眼辨,真假
三乐大,掌柜,学堂,陕西省,初中,数学,竞赛,学生,头绪,条件
三乐大,掌柜,学堂,年级,班,孩子,听懂,老师,讲解,学生,直呼
课工场,北美,大数据,武汉,课工场,计算,培训,课堂,局域网
叶子,笑笑,ps,教程,秒,教,出,线稿,简单
王志鸿,谈,营销,讲,客户,服务,服务
迷离君,颜,学校,里,位,女,架子,鼓,老师,希望,课
动漫,天空,李玫瑾,忘年之交,宝贵,财富,听,完,受教
梨,视频,外孙,军训,旗手,姥姥,姥爷,悄悄,现场,CALL
三乐大,掌柜,学堂,初中,竞赛,条,长,求,面积
梨,视频,少年,公交,写,保安,直,夸好,学习
小学,数学,园地,数学,年级,课外,辅导,提优,刚,入学,必,学,知识
梨,视频,高校,澡堂,滴水,扣,钱,运营方
外设,头条,奇怪,学校,服,传授,学生,魔法,官方,认证
三乐大,掌柜,学堂,年级,培优,直角,梯形,添,条,线段,增加,直角,画
三乐大,掌柜,学堂,公务员,考试,常识,聊斋志异,曹雪芹
在野俊驰,面试,时,细节,成败,千万,细节,毁
幽魂,初心,硬笔,书法,教学,圆珠笔,楷书
造就,计算机,区别,创作,方式,|,造就,talk・张周捷
知识,殿堂,全国,英语,考试,格分
芳芳,带,电影,开学日,选中,学生,心中,紧箍咒,锅,背
尼尔,知识,学堂,喜鹊,事情
张,老师,幸福,课堂,情感,导师,案例,孩子,原因
精彩,点评,清华,教授,吴,国盛,未来,复兴,科学,关键
知识,课堂,高中,必修,知识点
小学,数学,园地,数学,年级,奥数,辅导,提,优课,找到,数字,谜题,突破点,解题,关键
三乐大,掌柜,学堂,江苏,公务员,考试,斤,西瓜,亩产,斤,成本,元,赚
书,第2,季,官方号,丧失,理性,王自健,超大胆,女友,老板
g雏,范,郑板桥,写,糊涂,理解,宇宙
三乐大,掌柜,学堂,公务员,考试题,皇帝,称号,始于,历史
知识,分享,请问,牢记,步骤
高校,偷偷,贫困生,保护,学生,尊严
小豆,电工,知识,台,电机,台,启动,原理,实物,讲解
三乐大,掌柜,学堂,年级,家长,必,教版,年级,数学,寒假,提前,学
3号,球员,金灿荣,考,评职,称,幼儿园,考,英语,语言,霸权
直恐,风光,书法,课开,笔顺,写法,写,学习
知识,课堂,查询,IP
人文,清华,谈判,专家,砝码,利于,说服,绑匪,放人,清华,教授,张明楷,建议
小学,数学,园地,年级,数学,奥数,学习,微,课堂,找到,数,规律,数
梨,视频,博物馆,新馆,开放,盘点,高校,博物馆,稀世,珍宝
知识,课堂,影响,消费者
拥音,乐享,快乐,李玫瑾,够,长,知识
夏日,G色,洪晃,生前,预嘱,协会,前,希望
中国,网,文化,神仙,食堂,高校,食堂,元
小诺,讲,电影,领导,样,说,重用,利用,坑
走进,科学,动物,真实,身高,趴,高
观察者,网,天下,做好,持久战
腾云,文化,论坛,金明哲,传统,纪录片,原点,|,期
三乐大,掌柜,学堂,爸爸,年龄,画,图法,解决,升初,考
三乐大,掌柜,学堂,年级,数学,学好,知识点,规律,细心,犯,错误
达,游戏厅,杰克,老师,哄,幼儿园,睡觉
小邱,科技观,喜欢,报考,公务员,愿,公务员
三乐大,掌柜,学堂,数学,天赋,年级,显露,年级,知识点,丢,孩子,记
令,心动,offer,缺少,重来,勇气,疑难,课题,请,接招
腾讯,新闻,问答,时光机,时光机,丨,完整,童年,功成名就,愿,放弃,换
彩虹,慧保,受益人,追,电影,受益人
三乐大,掌柜,学堂,公务员,考试,常识,徐,志摩,胡适,流派
共,合设,共,合设,月末,郑东贤,全程
爱上,恋爱,学,刚,女生,红包,教,招,学会,反,套路
光,玖,月,营销,策路,面对,竞争,换,方式,换,策略,方式
梨,视频,高校,开学,快递,铺满,街道,学生,排队,取件,数
知识,课堂,快速,创建
三乐大,掌柜,学堂,年级,学生,讲,减法,贴,图片,理解,耐心,位
元气佳儿,哥哥,初中,做,淘宝,百万,身家,佳妹,套路,说出,电商,干货
趣味,问答,办公室,做
小学,数学,园地,数学,年级,奥数,辅导课,解决,关键,找到,变,量
知识,殿堂,提取,损坏,压缩,包
大洋洋,英语,钱,表达,方式,学会,赚,亿,目标
三乐大,掌柜,学堂,毕业,久,做,道
叶子,笑笑,ps,教材,肤色,统一,教
小学,数学,园地,年级,奥数,辅导,微课堂,学习,移多,补少,典型
三乐大,掌柜,学堂,求,值,次,方程,搞定
legend,乌陆柒,思维,改变,命运,成功,早上,习惯
喵,传人,香港,芬兰,年级,课堂,学习,形式,特色
知识,课堂,区别
筱,聊,世界,职场,潜规则,酒桌,搞清,潜规则,领导,青睐有加
三乐大,掌柜,学堂,道,数学,方程,奇怪,惊慌,送
微创,WEC,评测,技巧,学,电脑,双开,微信,聊天,误
三乐大,掌柜,学堂,数学,竞赛,难倒,学生,试试,做
点睛,数学,必胜,章节,图形,考点,动点,图形
知识,分享,Excel,设置,钱币,单位
三乐大,掌柜,学堂,道,数学,找,规律,难倒,孩子,答对,数学,成绩
全景,中国,足球,拼,马斯切拉诺,演讲,鼓励,队友
知识,分享,请问,混合,销售,兼营
梨,视频,带,直击,高校,招聘会,长三角,受,追捧
知识,课堂,Win7,电脑,设置,开机,密码
千万,悦读,悦读,庄子,告诫,段,话
知识,殿堂,ac,dc,区别
梨,视频,防不胜防,河南,幼童,贪玩,锅,盖卡,脖子,消防卡,钳剪
闻掌,铅笔,接,排插,神奇,现象,发生,试试
知识,分享,民法,原则
曲洲,老师,画,卡通,卡通,教,画出,女生
三乐大,掌柜,学堂,简单,数学,常规,方法,挖掘,隐藏,条件
知识,殿堂,cad2014,安装,解决
教,走出,青年,危机,年轻,时,选择,安逸,火,TED,演讲
三乐大,掌柜,学堂,数学,基础,腰,底边,底角,面积,求
知识,殿堂,知识,课堂,execl,透视表,做,汇总
小学,数学,园地,数学,年级,学习,课,路线图,理清,找到,答案
莽撞,猖狂,吞月日,保险,公司,发,工资,拼命,干活,职场
知识,课堂
姐,霸气,驾驭,不住,ede,Windows,添加,挪威文,输入法
英语,演讲,视频,精选,TED,短片,相爱
知识,课堂,苹果,笔记本,开机
知识,殿堂,培养,孩子,学习
小学,数学,园地,数学,年级,课外,辅导,提优,课堂,找,突破口,难
TED,演讲,TED,黑名单,收集,拍,电影,剧本
知识,分享,长方体,表面积,公式,算
秦朔,真探,岁,职场,年轻人,提升,技能,点
TED,演讲,TED,磨难,穿透,灵魂,深,露出,蛀洞
知识,课堂,倒数,含义
三乐大,掌柜,学堂,仔细,公式,轻松,算出,答案
安安,谈,天下,领导,讨好,走,员工,出路,说透
知识,殿堂,压线,生,填报,志愿
知识,课堂,更换,带,插座,开关
上海,新华,礼仪,新华,礼仪,导师,骆晋,讲解,电梯,礼仪
蓝掌,参,excel,实用,技巧,汇总,求和,工作表
知识,课堂,请问,墙上,插座,接线
动漫,天空,仕强,教授,事情
绿,鲤鱼,知识,问答,加盟,快递,公司,代理点
知识,分享,英语,单词
知识,问答,录,面试,时,礼仪
知识,殿堂,cad,画
知识,分享,入党,入党,区别
3号,球员,金灿荣,犯错,关键,改
知识,殿堂,excel,查找,列,数据
精彩,NBA,马库斯-莫里斯,领导者,象征,坚毅,代表,整支,队伍
知识,课堂,PR,插件,安装
知识,殿堂,相,电机,判断
三乐大,掌柜,学堂,公务员,逻辑,推理,讲解,闺女,闺女,妈妈
知识,课堂,区别,届,级
知识,殿堂,社会,报考,教师,资格证,教师,行业
知识,抢先,学,简历,职业,技能,写
知识,课堂,修改,CAD,尺寸,字体
梨,视频,学生,高考,成绩,申请,德国
前沿,讲座,苏引华,做,企业,想,业绩,倍增,核心,秘诀
快手,口诀学,语法,直奔
知识,殿堂,白雪歌,送,武,判官,拼音,翻译
知识,殿堂,判定
三乐大,掌柜,学堂,公务员,考试,常识,知,天命,代指,年纪
知识,殿堂,word里除号,方法
TED,演讲,TED,衰老,疾病,改变,父母,子女
知识,课堂,英语,考试,口语,考试,流程
小学,数学,园地,年级,数学,奥数,辅导课,思路,解题,阶段,常用,方法
知识,分享,电脑,硬盘
王,鹤庆,说,创业,选择,努力,更
三乐大,掌柜,学堂,数学,年级,竞赛,典型,例题,老师们,方法,没用,关键,讲
知识,课堂,引脚,记
知识,殿堂,线,电压,相,电压,关系
江边,柳林,梦想,造福,元阳,元阳县,民族,职业,高级,宣传片
小学,数学,园地,年级,数学,学习,课堂,求,组合,图形,面积,割补,整体,减
三乐大,掌柜,学堂,年级,思维,数学,学会,移,补,少,差,简单
知识,课堂,cdr,设置,图片,整体,放大,缩小
知识,殿堂,电机,额定,电流,算
哇咔,解说,疯,挑战,年级,期末,考试
知识,分享,办,私立,幼儿园,条件
梨,视频,师生,摆,出,心,造型,祖国,心中
高数,叔,高数,基础,章
小学,数学,园地,年级,奥数,课外,辅导,课堂,求出,生产,量,计划,天数
小学,数学,园地,数学,年级,奥数,辅导,课堂,家长们,答案,没用,关键,孩子,听懂
三乐大,掌柜,学堂,幂,计算,竞赛题,挺
知识,课堂,毫米,厘米,单位,换算
梨,视频,高校,新生,报到,迎6,双胞胎,兄弟,相像
二哈,下厨,执行力,伪,概念,员工,执行力,领导,领导力
知识,课堂,数学,公斤,千克,换算
精彩,点评,李玫瑾,教授,孩子,岁,抚养,受益
三乐大,掌柜,学堂,初中,数学,整数,求,数
知识,分享,星星,英语,单词
三乐大,掌柜,学堂,华罗庚,初中,数学,真题,01,68×,67,01,计算,位数
三乐大,掌柜,学堂,脑力,测试,鸡,天生,蛋,天,生,蛋,鸡
高数,叔,高数,基础,章
小学,数学,园地,数学,年级,奥数,课,独立,时有,孩子,做错,知错
知识,分享,里,零点
英语,演讲,视频,精选,TED,短片,口臭
三乐大,掌柜,学堂,沙漠,骆驼,首,火,歌,公务员,考试
3号,球员,金灿荣,美吹,印吹,印度,吹
三乐大,掌柜,学堂,倒数法
梨,视频,快递,禁入,封闭式,学校,保安,紧盯,学生,出校,取件,怕,跑
小明,娱乐,营销,策划,传单,发,做错,学会
新闻,夜航,孩子,军训,苦,乐
三乐大,掌柜,学堂,初中,奥数,利用,均值,换,元法,专攻,高次,方程
三乐大,掌柜,学堂,古代,算术,读,懂,画图,列式,计算
曹,欢邯,公司,培育,新人,方式,培育
梨,视频,超燃,高校,学生,摆,巨型,方阵,献礼,祖国,观众,激动,快,流泪
三乐大,掌柜,学堂,求出,面积,做,知识点
梨,视频,真人,秀后,努力,备考,艺考,提示,骗,考官
知识,分享,林,教头,风雪,山,神庙,讲
知识,分享,练,英语,语音,规则
梨,视频,留学生,赴,美,遣返,校方,学生,案例
三乐大,掌柜,学堂,数形,吃透,差数,列求,学霸,老师,方法,套用,公式
小趣,搞笑,视频,张雪峰,干嘛,听,相声
知识,分享,背,单词,方法
知识,分享,ps,蒙版,工具,抠图
农圈,农产品,滞销,原因,解决
知识,问答,录,群面,技巧,样子
知识,问答,录,简历,模板,写
三乐大,掌柜,学堂,数,余数,数,倍,余数
知识,殿堂,学会,快捷键
知识,课堂,专升,难
三乐大,掌柜,学堂,英语,课程,孩子,学习,方法,期末,考试,高分
知识,课堂,技术,专业
知识,殿堂,键盘,单引号
时间,视频,学生,单,膝,跪,挽留,班主任,偷偷,原创,歌曲
叹,科学,写,熬夜,凌晨,父亲,怒撕,意义
知识,课堂,ps,羽化
BOSS,直聘,求职,技能,面试,前,做好
九零,态度,改变
厚,大法,考,民诉法,考试,体现,厚,刘鹏飞,老师,提
梨,视频,男生,考入,山,护理,专业,创,纪录,校长,点名,表扬
华夏,史事,职场,新人,忌,职场,生涯,步步高升
小学,数学,园地,年级,数学,奥数,辅导,提优,道,精典,画图,方法,解
点睛,数学,公务员,考试,推理,知识,出口,进口,贸易
知识,分享,教官,职位
慧慧,麻麻,ps,教材,虚化,背景,担心,抢镜
梨,视频,岁,宿管,考上,研究生,留学生,英语,交流
动漫,天空,张雪峰,搞笑,爆料,学习,生,孩子,数,笑趴
厚,大法,考,高甲,老师,表格,帮,记住,证据,排除,干货,满满
TED,演讲,TED,精选,增加,女警,数量,社区
知识,殿堂,波浪线
点睛,数学,公务员,考试,常识,射,子弹头,直,飞行,旋转,飞行
麦兜,科技,高考,天,塌,老爸,顶,回家,吃饭
知识,分享,卖,鞋子,销售,技巧
三乐大,掌柜,学堂,数,独,新,新,方法
梨,视频,云南,高校,万,吃,长寿面,祖国,庆生,退役,学生,阅兵,战友,骄傲
知识,殿堂,监控,资格,证考,方法
莱阳,在线网,莱阳,立东,艺术,培训,学校,张紫涵,宝贝,宝贝
科学家,iScientist,科学家,桓世彤
知识,分享,请问,发,白光
知识,抢先,学,高级,销售,技巧
知识,分享,平方米,面积,换算,公式,表
前沿,讲座,胡,成立,条件
精彩,点评,俞敏洪,励志,演讲,放弃,心理
三乐大,掌柜,学堂,奥数,画线,段,图,办法
傻瓜,英语,挑衅,英语,老师,没,想到,老师,反击
知识,殿堂,请问,立方,平方米
知识,分享,消防,工程师,报考,条件
韬韬,知识,课堂,客户,细分
知识,抢先,学,简历,简历,写
知识,殿堂,word
梨,视频,嗨爆,新生,军训场,蹦迪,俩,男生,舞蹈,battle助兴
三乐大,掌柜,学堂,考,考,公务员,推理,辽宁
小学,数学,园地,年级,奥数,学习,微,课堂,做,道题,倍
知识,分享,导数,定义
小学,数学,园地,年级,数学,辅导,课堂,计算题,培养,孩子,数学,思维
豪哥,撩,古迹,职场,玻璃心,探秘,红楼,职场,生存,反面,教材
三乐大,掌柜,学堂,公务员,推理,真题,钻石,坚硬,关系
点睛,数学,必胜,章节,图形,考点5,转化,法解,图形
知识,分享,电脑,软件,Microsoft,Excel,转行
知识,分享,cad,闪退,解决
萌人,教育,令,心动,offer,聚焦,应届,毕业生,找
教,TED,演讲,拯救,丢失,记忆力
宁夏,卫视,ps,技术,敢,学
梨,视频,开学季,法学院,挂,明星,条幅,迎新,学长,学,法律,生动,活泼
精彩,点评,樊,登,演讲,孔子,教,领导力,原因
令,心动,offer,梅桢,王律,批评,国外,思维,邓,冰莹,电脑,bug,老师,关注
观察者,网,娄林,罗马,讲,罗马
知识,分享,干,原因
知识,殿堂,word,输入
扒,卦,军训,休息,时间,位,漂亮,姐姐,献,段,舞蹈
知识,分享,PR,视频,消音
好像,习惯,高效,提高,员工,执行力
知识,课堂,吉里吉,里,模拟器
三乐大,掌柜,学堂,公务员,考试,常识,指南针,早,形式
布衣,院士,生前,捐款,家中,简朴,布置,泪目
范,大姐,帮忙,校长,寄语,学好,基础,知识,英语,勇于,担当,树立,领袖,志向
点睛,数学,必胜,章节,图形,考点9,图形,探究
缘,誓,奥运会,logo,指,太性感
具足,贫穷,思维,贫穷,创业,错误,思维,惯性
造就,造就,专访,熊莹,坦率,说,亲子,沟通,父母
昌吉,日报,建国路,街道,幼儿园,演唱,生日,祖国
点睛,数学,必胜,章节,图形,考点,代数,法解,图形
三乐大,掌柜,学堂,减8,判错,学生,找,老师,弄,明白,错误
知识,殿堂,请问,设置,excel,表格,行高,列宽
动漫,天空,复旦,教授,陈果,贱,变,高贵,听,老师,讲讲
知识,分享,电线,平方,计算
吃瓜,仙女,呱呱,岳飞,满江红,王刚,朗诵,怒发冲冠
知识,殿堂,情况,简介,写
三乐大,掌柜,学堂,图形,角,学霸,老师,讲解,数角
知识,分享,新建,快捷键,教,招,解决
知识,分享,Cad,方法
知识,分享,色饱
知识,分享,万用表,测量,温度
三乐大,掌柜,学堂,脑力,测试,求出,红色,面积,学霸,老师,做,辅助线
知识,殿堂,条件
姐,霸气,驾驭,不住,ede,PC,Abode,Audition,CS,绿色,精简版,安装,方法
知识,殿堂,电子,商务,专业
知识,课堂,写,赞美,秋天
知识,殿堂,英语,口语,考试,考
一手,Video,东北话,说,写,语文,老师,课,教学,学生,太,难
英语,演讲,视频,精选,TED,演讲,亲历,死亡,教会,生活
教,TED,TED,成功,秘笈,走向,成功
三乐大,掌柜,学堂,微软,智力,面试题,绳子,测出,时间,长短,燃烧,速度
姐,霸气,驾驭,不住,ede,Windows,网络,图,Windows,Vista
开心,老师,接管,课堂
点睛,数学,年级,数学,学霸,见到,茫然
新闻,奉视,新闻,完整版
三乐大,掌柜,学堂,数学,根,木棍,根,半木棍
爱,壮壮,异界,锁链,制作组,专访,白金,工作室,做好,屁股
CCTV6,电影,频道,尊师重道,薪火相传,北电,校训,含义,老,教授,告诉
三乐大,掌柜,学堂,公务员,考试,常识,孙山
三乐大,掌柜,学堂,公务员,考试题,古代,双手,抱拳,举,头顶,鞠躬,拜礼
梨,视频,美爆,杭州,iPad画,米,油画,长城,花式,表白,祖国
梨,视频,骑马,成,新疆,学生,必修课,万,背
三乐大,掌柜,学堂,美国,数学,竞赛,解方,程,求x+y,值,做
重阳,淄博市,医院,骨伤,科,主任,海国,做客,山东网,演播室
知识,分享,excel,查找,快捷键
算爱,研习社,匪,思存,课,选题
小豆,电工,知识,液位,继,电器,浮球,开关,控制,接触器,接线,方法,讲解
知识,殿堂,wps,试图,时,错误
淘牛,玩具,立体,图形
知识,殿堂,Pr,设置,字幕,字体,样式
知识,课堂,梯形,面积,公式,计算
三乐大,掌柜,学堂,根式,化简,难住,学生,学会,表演,老师
知识,课堂,算出,绝对值,整数
人文,清华,环保,院士,钱易,英国人,学习,节约,资源
篮球,共,眼前,无憾,未成年,教育,缺乏,导致,悲剧,家长,避而不谈
三乐大,掌柜,学堂,年级,数学,单元,测试题,含有,括号,计算题,参考,价值
前沿,讲座,周导,做,品牌,方法,方法,选对
火星人,俱乐部,送给,孩子,堂,STEAM,物理,科学课,电子琴
爱,棋道,围棋,教育,死活,课堂,虎口,做,活法
王,蒲生,普通人,创业,测试,负债累累,妻离子散,心疼
三乐大,掌柜,学堂,年级,数学,课程,网友,手机,学习
三乐大,掌柜,学堂,年级,数学,视频,火,讲课,老师,露面,孩子,明白
精彩,点评,年,班主任,讲述,孩子,伤,家长,关注
精彩,点评,演讲,追求,完美,接受,真实,羡慕,回到
老白,专业,解说,寄,快递,平时,留意
一刻talks,量变,质变,AI,行业,带来,机遇,改变
精彩,点评,年,班主任,讲述,孩子,伤,家长,关注
令,心动,offer,晨vlog,课题,努力,优秀
知识,殿堂,公务员,面试,穿
三乐大,掌柜,学堂,数学,提高,理解,年龄,难,倒
静静,S,王,爱,生活,游戏,wps,表格,运算,函数,计算,方法,学会
熊猫,熊,ps,位置,仅,需,步骤,教会
零点,世间,团队,刚,走,领导,岗位,切记,细节,吃亏
秀梅,解说,ps,教,招,完美,解决,偏黄,偏暗
小英,命运,拼来,句句
知识,分享,excel,隐藏,数据
手游,达人,职场,邀功精,揭穿,ta
高数,叔,高数,叔,章,数列,极限
前沿,讲座,苏引华,持续,获利,目的,级别,服务,客户
知识,分享,考研,英语,英语,区别
梨,视频,硬核,表白,西安,交大,红旗,飘飘,祖国,庆生,学生,国庆,氛围
新京报,实拍,军训,新生,集体,跳,兔子,舞获,赞百万,空中,双飞燕,场面,惊艳
柯南,学长,学习
知识,课堂,高中,数学,知识,里,集合
一刻talks,坚持不懈,创业,道路,善于,发掘,骄傲,事,周遭
三乐大,掌柜,学堂,学习,方法,期中,考试,求,阴影,面积,尖子,生,学会,思路,做
懂,老师,单招,面试,应对,技巧
奇趣,公务员,考试,道,图形,推理,考查,元素,选,答案
知识,殿堂,CAD,绘制,指定,长度,弧线
三乐大,掌柜,学堂,常识,考试,白雪,公主,职业
小英,处世,道,厚德载物,德,句句,谨记
成功,励志,新,思想,徐,鹤宁,销售,冠军,演讲,资产
梨,视频,军训,嗨,学生,手机,堪比,演唱会
北漂,结束,老杜,腹黑,职场,领导,雪藏,封杀,危险,老实人
迷离君,颜,粤语,翻译,普通话,网络,流行语
腾讯,旅游,江西,昌南,新闻,开学季,新生,入学,启蒙,礼,活动,领略,传统,魅力
动漫,天空,李玫瑾,教授,教育,出,高贵,教养,孩子,做好
掌闻,视讯,广西,玉林,级,高校,女生,操场,淡定,录Vlog
知识,课堂,整数,概念
上海,惠迪,吉,公益,心理,关爱,中心,节,课,教会,长大
小学,数学,园地,数学,年级,奥数,辅导,提优,学会,爬,楼梯,理解,植树
中意,无拘无束,白岩松,励志,演讲,焦虑,听听,专家,老师,说
知识,殿堂,魔方,公式,新手,图解
中国,网,资讯,河南,高校,班级,全班,男生,女生,爸爸,高兴,坏
知识,课堂,UG,安装
梨,视频,真,福利,贵州,高校,食堂,开业,送,学生,万,份,霸王,餐
叶塔雅,职场,疯狂,加活,真实
知识,殿堂,保险丝,熔断,原因
买,利,欲望,找出,谈判,目标
三乐大,掌柜,学堂,美国,数学,竞赛,次,根式,次,根式,差,解方程,难度
知识,分享,圆锥,体积,计算,方法
梨,视频,学生,交班费,买,教师节,礼物,辅导员,退还
张,老师,幸福,课堂,情感,导师,案例,走心,讲解,做,幸福,课程
知识,分享,读,感,写,写
精彩,点评,樊,登,演讲,企业,快速,发展,秘密,字
高数,叔,高数,基础,章,拉格朗日,定理
点睛,数学,必胜,专栏,章,数,运算,考点4,简便,运算题,变形,约
TED,演讲,TED,闪闪,发光,教会
知识,课堂,c语言,语言
知识,课堂,百度,网盘,磁力,链接
三乐大,掌柜,学堂,解方,程,简单,考试,时
点睛,数学,必胜,章节,图形,考点1,图形,格点
一刻talks,体内,宇宙,升级,听,北大,生物学,教授,答案
梨,视频,开学,家长,挂,横幅,庆祝,万兽
三乐大,掌柜,学堂,公务员,考试,真题,莎士比亚,悲剧,部,称,王子,复仇记
梨,视频,复旦,附属,医院,科普,错过,HPV,疫苗,接种,时机
知识,殿堂,学习,工程,造价,专业
晓白,聊,动漫,军训,集体,游戏,视频,告诉,配合,太,默契
动漫,天空,张雪峰,学校,招,考
梨,视频,新生,进校,蒙圈,眼前,现,层,楼,高,长城,造价,惹,争议
深漂,做好,简历,细节,求职,成功率,提升,倍,简历,配,高薪
梨,视频,韩媒,曝世,越号,学生,耽误,抢救,全程,架,直升机,架
三乐大,掌柜,学堂,知x+y=1,x05+y05=2,求x69+y69
知识,课堂,修辞,手法,拟物
知识,抢先,学,时,建立,合作,团队
知识,分享,快速,pptx,转换,成,ppt格式
三乐大,掌柜,学堂,特岗,教师,考试,真题,简单,难,住,老师,差法
间,草屋,奥巴马,招聘,保镖,选择,竟是,展昭,流畅,qsv
梨,视频,里,食品,学院,现场,烫,火锅,迎,新生
迷离君,颜,体育课,方法
梨,视频,口,千里,送,男生,爷爷,奶奶,坐,轮椅
知识,分享,主板,型号
新京报,防作弊,学生,戴,头盔,考试,泰国,校方,鼓励,骑,摩托戴,头盔
知识,殿堂,WiFi,修改
熊猫,熊,发暗,ps,调亮,学会,招,简单,实用
猪,好多,网,猪联网,猪场,养猪,提升,养猪,效率
敢,举报,忍,Windows,XP,Home,Edition,Service,Pack,意大利,安装
知识,殿堂,读音,组词
动漫,天空,考研,英语,死活,学,张雪峰,教,招,服
梨,视频,增强,升旗,仪式感,设,国旗,护卫队,学生,周,训练,天
巧巧,带,搞笑,做,业务,喝酒,现实
知识,分享,研究生,考,数学,专业
精彩,点评,金灿荣,搞,芯片
知识,课堂,平行,志愿,优先
动漫,天空,李玫瑾,智力,天生,教育,智力,影响,听完,受教
知识,课堂,国家,公务员,考试
知识,共享,优选,激发,学习,兴趣,项,原则,TED,演讲,字幕
萤火,计划,萤火,演讲,截肢,男孩,跳舞,视频,成,网红,改变,命运,穿上,假肢,走,出
译学馆,涨,姿势,丨纸,鹿Ps,方法,阴影,制作,方法,赞
梨,视频,开学,灾难,萌娃,课,哭,找,妈妈,幼儿园,老师们
全,春,自主,心理,学院,老公,酒鬼,喝,砸,东西,原因
宝妈,快乐,英语,年级
悬壶,V视,解密,高危,高压,职业,教师,责任,教育
小学,数学,园地,年级,数学,辅导,课堂,余数,知识,解,出,倍数
三乐大,掌柜,学堂,北大,附中,入学,考试题,关键,灵活,套用,公式,难,求
三乐大,掌柜,学堂,年级,学生,期末,考试,知识点,学
艺述史,领导力,关键,独特,魅力,学,终生,受益
动漫,天空,李玫瑾,刺,鼻味,原因
梨,视频,新生,开学,喜提,海景,宿舍,天,元,洱海
梨,视频,高校,宿管,零,基础,水彩,画画,喜迎,国庆
葩姐,娱乐,说,新生,军训,时,跳,段,舞,艳惊四座,网友,成,男生,掌中宝
令,心动,offer,实习生,法考,开心,希望,突破,忘,初心
桃子,鱼仔,尤克里,里,教室,期,初级,班,剪辑
GRT,晚间,新闻,初生牛犊不怕虎,青年,珠海,创业
卫昱,蕊,职场,老实人,越,努力,越,失败,件,事
知识,分享,成考,区别
御姐,玩转,奇趣,故事,员工,积极性,问,句,话,改变,开除
精彩,点评,金灿荣,说,教育,成功,创新,胡说八道
白满川,位,老,领导,告诫,社会,定,牢记,少,栽
知识,课堂,梯形,面积,计算
精彩,点评,俞敏洪,励志,演讲,放弃,心理
梨,视频,副校长,校门口,提,水桶,学生,卸妆,官方,回应,介入,调查
阿忆,创业,日记,微商,创业,选择,产品,产品
时间,视频,狠,幼儿园,女童,老师,脚,踹倒,园方,老师,家长
三乐大,掌柜,学堂,年级,常,规题,数,平行,听,老师,办法,漏数
一刻talks,AI,DATA,HR,行业
三乐大,掌柜,学堂,初中,数学,简单,做,变形,代换
萌人,教育,职场,时常,克服,心理
梨,视频,生下,补习班,写,父亲,孩子,学
熊,爱,吃,喜羊羊,白岩松,发声,学生,投靠,外国,建设,国家
自由,职业,九三,领导,逼,辞工,调动,岗位,辞职
三乐大,掌柜,学堂,排座,位法,搞定,计算,数字,计算器,计算
一刻talks,倪聪,努力,安全感,选择
知识,分享,铝芯线,载,流量
三乐大,掌柜,学堂,画图,理解,奇偶,排列,拓展,思维,角度,解决,竞赛,难题
银行人,课堂,农业,发展,银行,校园,招聘,网申,常见,答疑,指导
梨,视频,军训,萌,教官,军训,间隙,新生齐跳,兔子,舞
心理,咨询师,小晔,心理学,知识,教
抖芽,视频,学校,食堂,套圈圈,套,吃
梨,视频,岁,男孩,考试,失利,楼顶,欲,轻生,消防,飞身,救下
知识,课堂,年级,语文,试卷,写
三乐大,掌柜,学堂,真题,知识,讲解,必,技巧,求x,y,字母
知识,分享,请问,写
知识,分享,请问,学生
令,心动,offer,周,震南,见证,李晨,成长,老师,怂恿,选李,晨给,鼓励
知识,课堂,考研,选择,目标,院校
知识,殿堂,拟,句,写好
小学,数学,园地,年级,数学,课外,辅导,提,优课,画图,理解,移,补少
知识,课堂,计算,整数
宝妈,快乐,英语,年级
小学,数学,园地,数学,年级,辅导,提优,课堂,奥数,班,里,学生,做
知识,殿堂,Excel,表格,WPS,软件,批量,删除,指定
知识,殿堂,条件,条件
知识,分享,excel,数据,排序
知识,殿堂,教师,资格证,报名费
爱,剧育儿,孩子,表现,孩子
知识,殿堂,pdf格式
知识,课堂,PS,反选,快捷键
腾讯,旅游,江西,青云谱,新闻,祥和,社区,忘,初心,牢记,主题,教育,活动
点睛,数学,必胜,专栏,章,数,代数,考点,页码
知识,课堂,office,添加,字体
知识,殿堂,请问,保育员,资格证,考
梨,视频,暖心,高校,军训,逢,新生,生日,齐唱,生日,歌
知识,殿堂,请问,调
知识,殿堂,请问,广岛
职场,空间站,职场,累,鼓励
知识,分享,贷方
三乐大,掌柜,学堂,初中,面积,简单,条件,少,难
知识,课堂,考研,预报名,改,学校
知识,殿堂,请问,WPS
小学,数学,园地,年级,数学,奥数,学习,辅导,理解,意义,理解,方法
小佐佐佐佐5I,初入,职场,商务,礼仪
知识,课堂,千瓦,电缆线
高数,叔,高数,基础,章,隐函数,参数,方程,求导
三乐大,掌柜,学堂,求,69,68除,余数,做,学生,屈指可数,答对,班,里,尖子,生
知识,殿堂,求解,次,方程
TED,演讲,TED,短片,濒死,活着
三乐大,掌柜,学堂,道题,算,换,元法,计算,简单,值得
知识,殿堂,年级,课外书
一刻talks,唐秋勇,HR,预测,员工
梨,视频,仙女,班,高校,新生,班级,男生,爸爸,开心
知识,课堂,电子,表格,输入,身份证,统计
知识,课堂,双值,电容,异步,电动机,电容,接线,方法
眼睛eyes,祖国,共,奋进,国旗,演讲
动漫,天空,复旦,陈果,孤独者,朋友
时间,视频,理科生,跨专业,考,书法,研究生,常,评价,奇葩
点睛,数学,必胜,章节,图形,考点9,图形,探究
梨,视频,高校,学生,争当,军运会,志愿者,学校,提供,暖心
纪实,72,小时,中国版,第2,季,官方号,场,考试,通关,带,娃,母亲,超级,学习,路
TED,演讲,TED,U盘,网盘,DNA,古老,存储,设备
时间,视频,萌娃,提问,祖国,爸爸,校长,全,校,师生,征集,答案
点睛,数学,必胜,专栏,章,数,代数,考点,余数
三乐大,掌柜,学堂,求,mn,值,配,方法,简单,收藏,学习
知识,分享,学校,学校
国防,时报,排头兵,国庆,天,月工资,国庆节,选择,加班,放假
知识,分享,彩色,设置
知识,课堂,检查,装置,气密性
知识,殿堂,CAD里,线,命令
点睛,数学,必胜,专栏,章,数,运算,考点三,活用,运算,定律,性质,简算
知识,殿堂,请问,语文,课程,教学论,解析
知识,殿堂,虚拟,现实,技术
三乐大,掌柜,学堂,数学,速算,采用,加,零,减半,方法,秒,答案
三乐大,掌柜,学堂,典型,涉及,知识点,值得,学习
知识,抢先,学,提高,团队,凝聚力,方法
三乐大,掌柜,学堂,数学,脑力,测试,数一数,条,线段
三乐大,掌柜,学堂,趣味,数学,条,彩带,折,次,剪断,总共,段
点睛,数学,必胜,章节,图形,考点8,立体,图形,计算
知识,分享,创业,失败
知识,分享,年级,数学,单位,换算,公式
点睛,数学,必胜,专栏,章,数,运算,考点7,简便,运算,字,母代,换,法题型
瘦小,人儿,互联网,创业,坑,慎踩,新手,亮眼
梨,视频,西南,学生,发明,盲人饼干,摸,知,口味
街头,美食,小柒,电脑,ps,画画,精彩,CG画,绘制,开头
小豆,电工,知识,V,继,电器,电路,接线,步骤,讲解,运行,演示
梨,视频,高中,英语,老师,画,漫画,批改,学生,默写,全,画
知识,课堂,word,制作,方法,排版
梨,视频,学渣,逆袭,考上,理想,全村,举办,仪式,庆贺
知识,课堂,普通话,考试,考,算
知识,殿堂,电路,系统,原理
知识,课堂,总,建筑,面积,计算
浙样,生活,新媒体,家长,面对,引导
三乐大,掌柜,学堂,初中,竞赛题,学霸,老师,刚,讲解,找到,巧妙,思路
知识,殿堂,请问,利润,贷方,结转
梨,视频,美,教师,武,建君,家访,学生,家
码鹿,科学,老卢,科学,速看,TED,结,出,水果,魔法,树
知识,殿堂,整数
三乐大,掌柜,学堂,公务员,考试,常识,歌,李白,屈原
知识,殿堂,电流,电压,电阻,关系
知识,分享,功耗
知识,殿堂,学校,里,届,级,区别
韬韬,知识,课堂,面试,迟到,解释
知识,殿堂,sin,°
留学,全,加州,伯克利,音乐,教授,告诉,学,音乐,玩出
一刻talks,吴京,拍戏,选,角色
三乐大,掌柜,学堂,竞赛题,x+y+xy=54,求x+y,学霸,老师,讲解,计算,思路
认知,一刻,刚,毕业,找
小学,数学,园地,数学,年级,奥数,辅导,课堂,盈亏,理解
点睛,数学,必胜,专栏,章,数,代数,考点四
梨,视频,军训,舞姿,妖娆,引,欢呼,室友,叹,凑
不朽,天罡,证监会,撤销,华信,证券,业务,许可
知识,课堂,电功率,计算,公式
可爱,真,性情,学校,里,军训,现场,哥哥,调
梨,视频,高校,食堂,送,免费,餐券,背对,古诗,领
点睛,数学,必胜,章节,图形,考点2,底,高,倍数,法解,图形
三乐大,掌柜,学堂,初中,数学,求值,知,mn,求m+n
动漫,天空,智力,测试,孩子,智力,听,李玫瑾,说
动漫,天空,李玫瑾,教授,孩子,性格,外向,早期,抚养,方式,导致
知识,分享,身份证,拍,图片
三乐大,掌柜,学堂,竞赛题,选项,找出,答案,思路,送
三乐大,掌柜,学堂,数学,国际,邀请赛,平时,解方,程题,成,整式,道题,反
TED,演讲,TED,年轻人,暴力,运动,阻止
知识,殿堂,EXCEL,表格,斜框线
三乐大,掌柜,学堂,年级,学,课程,难
时间,视频,高校,领导,进,宿舍,送,定制,月饼,幽默,督促,学生,少,吃,运动
知识,分享,PDF,转换,成,word
群星,崖,公务员,行测,定义,判断,优,选择
木棉,说,演讲,成长,导师,张德芬,孩子,架,沟通,桥梁,妈妈,必修,读,心术
动漫,天空,李玫瑾,老师,东西,心理,专家,回答
点睛,数学,必胜,章节,图形,考点4,割,补法,解图,形题
三乐大,掌柜,学堂,公务员,考试,常识,面积,湖泊,湖
知识,课堂,算是,成人,高考
知识,分享,html,制作,网页,代码
梨,视频,禽兽,湖南,班主任,猥亵,女,学生,判刑,年,半
观,视频,工作室,朱云汉,逆,全球化,全球化
知识,殿堂,国家,公务员,条件
知识,课堂,相,电机,电流,公式
知识,分享,机电,专业,做
知识,课堂,金融,金融学,区别
知识,课堂,请问,鸭子,简笔画,画
小学,数学,园地,数学,年级,奥数,学习,课堂,家长会,做错,理解
知识,殿堂,开关,控制,盏,灯,接线,步骤,讲解,实物
梨,视频,军训,汇演,活字,印刷,整齐,划一,令,震撼
三乐大,掌柜,学堂,学生,明白,假,设法,试试,语文,造句法,数学,思路
梨,视频,山西,村子,近,百,村民,集体,学习,弟子,规,长者,岁
知识,课堂,年级,生字表
小学,数学,园地,年级,数学,辅导,课,理清,思路
青蛙,辅助,LOL,青蛙,心态,炸裂,双,亏损,数学,鬼
说,手机,职场,前程,碌碌无为
点睛,数学,必胜,专栏,章,数,代数,考点,原理
知识,殿堂,相,电压,关系
知识,分享,PR,快捷键
夏,雪夏,冰雹,演讲
知识,分享,cad图,建模
职风,范,职,风范,职场,新人,找,师傅
小学,数学,园地,数学,年级,奥数,辅导,课堂,求,关键,先,理清,思路
范,大姐,帮忙,祖国,快闪,展播,舟山
三乐大,掌柜,学堂,典型,智力,常规,思维,尝试,发散,思考
知识,殿堂,英语,口语,考
观察者,网,刁青云,马克思主义,红色,传播
三乐大,掌柜,学堂,公务员,考试,真题,讨论,宇宙,具,代表性,理论
知识,分享,Excel,新建,单元格,样式
搞笑,民族,俄罗斯,女,老师,缝,衣服,唱歌,学生,喜欢
三乐大,掌柜,学堂,公务员,数字,推理,真题,懂得,寻找,规律,难,找到,答案
科技,小汪,车载,电台,讲机,效果,N7500,老鹰,天线,功率,匹配
知识,殿堂,请问,研究生,难,考
一刻talks,高,段位者,提升,员工,价值感
奇趣,公务员,考试,图形,推理,高,智商
梨,视频,月,花,钱,浙传,学生,谈,生活费,月,花
搞笑,民族,学生,胳膊,做,实验,节,化学,课,俄罗斯,硬核,老师,出名
交叉点,满满,干货,王毅,纽约,发表,演讲,回应,热点
知识,分享,学,健康,前景
锐图,浙江,山村,学校,现区,块链,智能,书柜,懂,孩子,心
知识,分享,次,函数,图像,性质
知识,分享,请问,Excel,技巧,差,教,招
知识,课堂,CAD,进一步,缩小
知识,课堂,电阻,求
腾讯,旅游,江西,青云谱,新闻,青云谱区,忘,初心,牢记
小学,数学,园地,数学,年级,辅导课,少,低年级,孩子,难
创业,人物,访谈,创业,访谈,戴,鸣杰
梨,视频,神仙,教授,白发,教授,辅导,学生,改
令,心动,offer,法律,咨询,度,高温,暴晒,实习生,倾听,村民,诉求
梨,视频,快递,禁入,封闭式,学校,保安,紧盯,学生,出校,取件,怕,跑
时尚,大师,季,官方号,揭晓,受,色,选出,颜色
思想,湃,李松蔚,聊聊,承载力,意义
三乐大,掌柜,学堂,年级,学生,加减,混合,运算,运算,左,右
ZEALER,定制,理想家,北大,学霸,夫妇,聊,聊居家,育儿
浙,视频,西安,体院,食堂,师傅,劈,字,马,学生,终究
AI课,工场,互联网,技术,升级,学习,效率,更,高
三乐大,掌柜,学堂,数学,百分数,计算,秒杀,原理
知识,殿堂,word,查找,错别字
知识,分享,ps,千,图,成像,做
笑,笑,爷爷,奶奶论,教育,孙儿,合适,教育,方式
三乐大,掌柜,学堂,脑力,测试,奥数,找,规律,规律,相邻,数字,间
杨艾伦,课堂,句,英语,句子,背,系列
知识,课堂,清明节
梨,视频,高三,男生,发明,电动,圆规,画,扎手,全班
动漫,天空,见,孩子,教育,演讲,听完,竖起
新京报,山东,活埋,男婴,父亲,救,孩子,村,医家,知情人,村医,监护
玩唱会,神壕米多多,剑指,男新,碰,出血
三乐大,掌柜,学堂,脑力,测试,知x+y=6,xy,z05=9,求,未知数
快乐,小天,面试
三乐大,掌柜,学堂,成年人,思维,僵化,做,升初,考试题,时常,犯错,道题,常规,解法
三乐大,掌柜,学堂,初中,数,平方,数,立方,数
一刻talks,高度,努力,终点
电影,控制,记忆,嫁接者
知识,殿堂,英语,里,男孩,复数,说
三乐大,掌柜,学堂,年级,行程,难,求甲乙,站,相距,千米,算
叶子,笑笑,ps,教材,学会,证件,换色,排版
知识,殿堂,MS,Office
新京报,幼儿园,开学,首日,萌娃,花式,痛哭,男童,趴地,哭,抱进,教室
闻掌,付出,条件
知识,课堂,截止,频率,特征,频率,区别
知识,课堂,勾三,股
知识,分享,基本初,函数
三乐大,掌柜,学堂,附中,招生题,求,阴影,面积,学生,做
知识,殿堂,Excel
NBD,视频,马云,谈,教育,老年,艺术,教育,回归
双双,视界,罗子君,学,销售,年薪,百万,销售,懂,销售,思维
Excel,每日,精选,Excel,技巧,快速,挑出
三乐大,掌柜,学堂,公务员,判断,推理,真题,逻辑,关系,选项
梨,视频,轮椅,追逐,医学,梦,女生,突发,疾病,瘫痪,休学,年后,返校,读研
三乐大,掌柜,学堂,公务员,行测,考试,真题,成语,半夜三更,晚上
点睛,数学,必胜,专栏,章,数,代数,考点五,规律
令,心动,offer,岳律,点出,课题,实习生,考核,重点,孩子们,加油
创业,人物,访谈,创业,访谈,谢,需
知识,殿堂,绝对值,带,数学,绝对值
小学,数学,园地,数学,年级,课外,辅导,提优,计算,技巧
知识,殿堂,英语,音标
知识,分享,减数,减数,差算式,解决
梨,视频,高校,办,婚礼,迎接,萌新,学院,谈,场,永不,恋爱
三乐大,掌柜,学堂,年级,数学,课程,网友,手机,学习
小学,数学,园地,年级,奥数,辅导,微课堂,找到,量,间,解题
知识,分享,coreldrawx,步骤
知识,课堂,电势,电势,关系
三乐大,掌柜,学堂,知,条件,求,代数式,值,公式,做
知识,殿堂,少先队员,先锋队,队歌,唱
梨,视频,超燃,现场,高校,军训,汇演,现,战术,演练,千,活字,印刷
山西,卫视,山西,附属,师生,齐唱,祖国,深情,告白,祖国
知识,殿堂,ps,液化,操作
东方,燕园,商学院,店员,卫生,敷衍,干活,拖拖拉拉,迎刃而解
三乐大,掌柜,学堂,条,直线,面积,思路
知识,课堂,实像,虚像,区别
知识,课堂,WPSexcel,设置,光标
知识,分享,利用,口诀,表巧,记化,合价
知识,殿堂,查询,高考,准考证
知识,课堂,高尔基体
抖芽,视频,老师,没钱,坐,学生,帮,老师,心愿,真
三乐大,掌柜,学堂,脑力,测试,前,岁,岁,答案
知识,课堂,松鼠,游戏,规则
动漫,天空,张雪峰,统考,区分
可可,私厨,海口市,学校,班612019,纪念,微,电影
知识,问答,说,介绍,说,点
知识,课堂,excel,排序,设置,方法,操作,简单
梨,视频,华人,教授,徐钢,控,性侵,学生,受害者,精神,操控,型人
知识,殿堂,句
艺述史,单位,里,反感,没,瞧得起,职场
动漫,天空,李玫瑾,家长,应,陪伴,孩子,成长,带,社会,社会圈
极栗,Jun,包迪,老师,目送,学生,毕业,前,惩罚,学生
三乐大,掌柜,学堂,公务员,考试,常识,山西省,山东省,山,指,座,山
江边,柳林,元阳县,民族,职业,高级,祖国
知识,殿堂,区分,火线,零线
知识,分享,电工,证到底,考
一刻talks,HR,进化论,资源部,消失,首席,组织官,崛起
知识,课堂,权责,发生,制,收付,制,区别
点睛,数学,必胜,章节,图形,考点1,图形,格点
梨,视频,班主任,举报,收礼,校方,沟通,解决
知识,课堂,核算,方法
一刻talks,游荡者,许,知远,社会,焦虑,传统,消失
知识,殿堂,Word,常用,字体,设置,快捷键
知识,殿堂
三乐大,掌柜,学堂,公务员,行测,真题,夜来,风雨声,花,落知,指,雨
小学,数学,园地,年级,数学,学习,微,课堂,思考题,倍,方法,求解
知识,课堂,钝角,原因,原理
知识,殿堂,ppt,暂停,播放,快捷键
知识,课堂,PS,里,复制,快捷键
大通,盛道,提高,职位,条,技能,证书,现实,学习,网络,接收,反馈
三乐大,掌柜,学堂,初中,培优,竞赛,思路,简单,计算,繁琐
动漫,天空,张雪峰,选,导师
小口袋,娱乐,职场,翻身,难,秘诀,努力,提升
哈尼情,感课,想要,跳槽,先,满足,条件
夏日,G色,洪晃,生前,预嘱,协会,希,希望,生命,支持,治疗
知识,分享,Excel,表格,批量,取消,隐藏,学会,招
三乐大,掌柜,学堂,简便,计算,计算器,巧妙,思路,做
令,心动,offer,邓,冰莹,努力,资格,谈,输赢
新京报,受罚,学生,伸长,脖子,老师,敲打,校方,开除,老师
圆滚滚,瘦,考研,政治,复习,晚,研一,学姐,教,方法,技巧
缘视,听,幸福,听,回答
知识,殿堂
知识,殿堂,PPT,设置,播放
知识,殿堂,做生意,技巧
纪实,72,小时,中国版,第2,季,官方号,学习,格子,间,真心,话,公开
知识,问答,录,职场,做好,介绍
知识,课堂,剖面图,断面图,区别
点睛,数学,必胜,专栏,章,数,运算,考点6,简便,运算,法题型
令,心动,offer,潘,律师,聊,做,律师,初心,委托人,服务,满足
广东,NEW,联播,时代,新人,说,祖国,共,成长,演讲,成功,举办
知识,课堂,职业,医师,资格,证考
梨,视频,高校,禁止,学生,宿舍,挂,床帘,学生,活,动物园,参观
知识,课堂,excel,删除,单元格
三乐大,掌柜,学堂,差数,列,求和,公式,证明,老师,简单,方法
点睛,数学,必胜,章节,图形,考点,代数,法解,图形
大海,全,腿,youtube,播放量,超,亿,施瓦辛格,演讲
阿忆,创业,日记,美发店,增加,营业额,玩转,网络,营销,增加,店铺,客流量
红星,视频,直播,晚归,宿舍,锁,男生,齐唱,世上,妈妈,求,开门
TED,演讲,TED,说出,词语,网络,搜索
知识,殿堂,百度,精准,定位,纬度,坐标,方法
知识,课堂,单数,双数
知识,殿堂,高一,物理,必修,物理,公式
知识,分享,电机,皮带轮,转速,算
张雪峰,老师,张,老师,问诊,精神病,专家,老板,属性
三乐大,掌柜,学堂,数学,趣题,难倒,孩子,家长,老师,数字,填,运算,符号
知识,殿堂,单控,开关,接线,方法
知识,课堂,闭合,导线,测量,坐标,计算
照理,生活,考研,教育部,新规,考研,读,研,更,难,坏事
知识,殿堂,知识,课堂,win10
梨,视频,军训,新,花样,高校,军训,仿真枪,吃,鸡
张,老师,幸福,课堂,情感,导师,案例,孩子,沟通,方式
时间,视频,超,高校,学生,光年,表白,教官
梨,视频,高校,开学,新生,报到,家长,手提肩,扛,成,行李,担当
梨,视频,更,爱,养生,高校,养生,社团,受,热捧,刮痧,推拿,拔罐,教
知识,殿堂,知识,课堂,网络,网关,说,通俗,点
TED,演讲,TED,穷,恐惧,疲劳,理想,拖
时间,视频,宿舍楼,礼乐诗,主题室,免费,开放
梨,视频,高校,挂,千,面,国旗,迎,国庆,学生,路过,直喊,震撼
知识,殿堂,电工,做,什么的
三乐大,掌柜,学堂,年级,英语,教版,课,选项,时,符合
红星,视频,直播,广西,普通话,火,军训,男生,罚,唱歌,教官,忍,笑,偷拍
点睛,数学,数学,真题,次,方程,根,判别式,解答
小学,数学,园地,数学,年级,学习,辅导课,读,懂,难,简单
十万,知识,加工厂,做
课工场,北美,大数据,武汉,课工场,计算,培训,课堂,计算机,思想
动漫,天空,李玫瑾,朋友,听完,教授,令,深思
龙江,新媒,老师,课余,时间,教,孩子,写,方言,字,学生,嘴,东北话,听,搞笑
知识,殿堂,PS,暂,存盘,满
三乐大,掌柜,学堂,教版,英语,年级,课,知识点,考试,担心
可可,私厨,实验,幼儿园,班,秋游,活动,微,电影
梨,视频,安徽,高校,新,设,殡葬,专业,校方,学生,刚,入学,预定
一刻talks,程,苦头,时光,品尝,甜头
梨,视频,军训,汇演,女儿,陪,父亲,组团,观看,父亲
点睛,数学,必胜,专栏,章,数,运算,考点6,简便,运算,法题型
知识,分享,家访,记录表,家长,填
TED,演讲,TED,差生,忽略
知识,分享,拼,读法,规则,表
动漫,天空,张雪峰,读,专硕,家里,备点,银子,学费,封顶
三乐大,掌柜,学堂,山东,公务员,行测,真题,樟脑丸,越来越,蒸发,现象
壹拙,文化,野趣,讲,水,深情,表白
三乐大,掌柜,学堂,数学,唬人,实际上,计算题,学会
慧慧,麻麻,ps,教材,艺术,字,教,制作,火焰,字
杨艾伦,课堂,句,英语,句子,背,系列
小学,数学,园地,年级,数学期,复习,课堂,学生,说,差,条件,秒,出,答案
三乐大,掌柜,学堂,公务员,考试,推理,真题,火眼金睛,找出,答案
杨艾伦,课堂,句,英语,句子,背,系列
三乐大,掌柜,学堂,脑力,测试,求,面积,基础,扎实,学生,计算,完整
三乐大,掌柜,学堂,数学,数角,难,漏掉
游画,书法,硬笔,书法,语文,老师,写,粉笔字
知识,殿堂,wps,表格,换行,换行,快捷键
高数,叔,高数,基础,章,柯西,定理
养,做错,事,批评,考,认可,坏,家长
知识,殿堂,计算机,方法
小司,淘保,份,福利,刚,毕业
知识,课堂,圆周率,莱布尼茨
一刻talks,产品,思维,赋能,资源,创新,产品,思维,员工,体验
梨,视频,清华,举办,新生,赤足,运动会,新生,参赛,赤脚
知识,能手,部队,述职,报告,写
三乐大,掌柜,学堂,脑洞,圆加,求,圆形,加正,方形
知识,课堂,描写,秋天,诗句
点睛,数学,必胜,章节,运算,考点8,解方,程,解
三乐大,掌柜,学堂,公务员,真题,阳关,指,通往,路
三乐大,掌柜,学堂,数学,方法,学,触类旁通
知识,课堂,CAD2018,安装,教程,步骤
点睛,数学,必胜,章节,图形,考点,代数,法解,图形
孙,逸豪,视频,空间,江苏省,泰州,师生,共,唱,祖国
知识,课堂,报考,教师,资格证
知识,分享,语文,课程
三乐大,掌柜,学堂,公务员,考试,常识,早,部,医学,理论,著作,部
腾讯,新闻,商业,地理,商业,丨,电竞,学业,做,代价,亲历者,高爷,俩,选择
令,心动,offer,先,定,目标,课题
汉游,社会,力量,参与,保护,利用,暨,杨,相卫,武汉,演讲
耕,读,令,心动,offer,职场,遇,挫折,应对
中国,网,资讯,幼儿园,学生,耳朵,剪破,园方,失误,孩子
小志,教,带,孩子,职场,入,深似,海职场,勾心斗角,见
知识,殿堂,英语,说
动漫,天空,张雪峰,考研,报名,错误,点,受教
梨,视频,超燃,厦,鲜肉,军训,花式,表白,祖国,万岁
知识,课堂,面粉,快速,发酵
首都,女,新闻,工作者,协会,诗,远方,方式
音乐,漂亮,妹儿,出嫁,新郎,高中,老师,毕业,年
知识,殿堂,区别
梨,视频,神秘,表白,高校,学霸,摩斯,电码,写,告白,祖国
娴院,娴院,演讲,时,利军,公益
知识,殿堂,excel,表格,设置,身份证
知识,放大镜,家装,顾问,寻找,客户
一刻talks,廖仕健,碎片化,爱,书,更
大宇,小星,电,钢琴,电钢,midi,教学
知识,课堂,平行,面积,计算
梨,视频,群,孩子,南京,北京,爬,长城,志愿者,陪同,帮,圆梦
新京报,硬核,表白,针尖,纳米,探针,电荷,写入,方式,庆祝,国庆
新京报,金灿荣,预计,制造业,总产值,超过,全人类
知识,殿堂,单位,换算,公顷,平方,千米
学,友宝,教育,公积金,装修,申请,条件,公积金,装修,提供,材料,优质
汇话,人生,眼压,眼压,高,患上,青光眼
红星,视频,直播,熊孩子,进,电梯,楼层,家长,方式,亮
知识,分享,裁剪,图片,尺寸
三乐大,掌柜,学堂,道,数学,求,阴影,面积,难,学霸,做
知识,课堂,土木,工程,专业,考研
知识,抢先,学,网络,工程师
三乐大,掌柜,学堂,年级,奥数,鸡兔,共,共有,脚,问,鸡,兔
梨,视频,学生,齐跳,蒙古舞,课间操,校方,音乐,版权,买下
知识,分享,隐函,数,求导,计算,快
知识,分享,圆柱体,公式
政,电视台,政,南门,开学,课,激动人心
怡神,铁线,草,演讲,提高,胆量
梨,视频,新生,军训,高,海拔,队列,身高,超,米
中青网,教育,甜,教师节,做,蛋糕,送给,学院,老师
知识,分享,知识,课堂,键盘,ctrl＋e,快捷键
梨,视频,双胞胎,姐妹,考上,专业,隔壁班,老师,清
细知,生活,学姐,学长,里,坑,兼职,新生
TED,演讲,TED,丨,讲述,偷渡路,死亡,旅,眼睁睁,接,死去
梨,视频,考研,女学,霸刷,道题,脸上,爆痘,男友,相互,督促
三乐大,掌柜,学堂,烧脑,年级,没成想,幼儿园,课程,结束,孩子,学
三乐大,掌柜,学堂,课程,动画,老师,面对,电脑,讲
小学,数学,园地,年级,数学,奥数,辅导,课堂,求长,方体,表面积,体积,关键,找到,长宽,高
三乐大,掌柜,学堂,年级,数学,简便,计算,孩子,做,技巧
令,心动,offer,页,资料,实习生,埋头苦干,金律,柴律,猜,实习生,选边
说,天下,奇闻,宿舍,熄灯,女生,干,件,事,承认
杨艾伦,课堂,系列,句,英语,句子,口语,简单
点睛,数学,必胜,专栏,章,数,运算,考点,混合,运算
更,视频,爱好,关系,见,答案
知识,分享,win7,远程,桌面,命令,学会,招
小学,数学,园地,年级,奥数,辅导,提优,训练,长方形,周长,记住,公式
知识,分享,初中,英语,课文,背
知识,殿堂,excel,表格,选中,单元格
故事,里,中国,红岩,革命,写,悔过书,回到,白公馆,监狱
点睛,数学,必胜,章节,图形,考点5,转化,法解,图形
雄县,电视台,举办,忘,初心,牢记,主题,教育,宣传,演出,活动
知识,分享,求逆,矩阵
知识,分享,设置,cad,模式
疯狂,山雀,复习,复习,考试
动漫,天空,张雪峰,专硕,硕难,专业
知识,分享,教师,资格证,认定,体检,事项
知识,殿堂,双面
点睛,数学,公务员,考试,常识,千岁,兰,叶子,存活,年,凋谢
梨,视频,放弃,清华,交大,Offer,双胞胎,兄弟,直,博华,课题组
知识,课堂,英语,读
知识,殿堂,Excel,合并,单元格,快捷键
知识,分享,汉语,拼音,wu,读
知识,分享,建造师,考试,条件
懂,老师,值班,迟到,检讨书,写
知识,课堂,plc,时钟,做
三乐大,掌柜,学堂,楼,走,楼,走到,算,数学,基础
知识,分享,左,极限,右,极限,符号
HR,人力,资源,管理,赢得,业绩,利剑
知识,分享,修改,证件,背景色
东方,燕园,商学院,做,销售,见,说,话,教,招,成交
学长,大大icon,产品,产品,区别,俩,字,克制
知识,课堂,Outlook,邮件,设置,发,签名
爱,剧育儿,学校,厕所,生理,加,心理
三乐大,掌柜,学堂,天津,竞赛,解方,程压,轴题,巧妙,办法,轻松,解答
梨,视频,学长,新生,剃,寸头,剃头,推子,届,届,相传
知识,课堂,籍贯,户口,填写
一刻talks,创业,处于,爸妈,支配,恐惧,创业者,家庭,事业,抉择
点睛,数学,必胜,专栏,章,数,运算,考点4,简便,运算题,变形,约
高数,叔,高数,基础,章,泰勒,公式
四方,永恒,李,佳琦,公开,演讲,首秀,感谢,粉丝们
新京报,支教,老师,叛逆,学生,气哭,读书,学生,阅读,星
知识,分享,ps,图片,加,背景
梨,视频,全员,美院,新生,军训,休息,聊天,画,幅,教官,肖像
娴院,娴院,演讲,孟,彩媚,公益,路
东方,燕园,商学院,职场,独赢,懂得,急流勇退,留条
梨,视频,高校,设,农业,智能,专业,学生,猛夸,误解
三乐大,掌柜,学堂,眼力,测试,限时,找出,图,长,时间
三乐大,掌柜,学堂,公务员,行测,判断,推理,省份,位置,没
知识,分享,电热水壶,功率
知识,殿堂,理解,职业,生涯,规划书
知识,殿堂,考研,考,数学,专业
丰存杰,丰存杰,创业,道路,定位
杨艾伦,课堂,系列,句,英语,句子,口语,简单
知识,分享,长方体,体积,公式,计算
知识,课堂,发现,发明,区别
小学,数学,园地,年级,数学,课外,辅导,提优,课堂,长方体,侧面,展开,求,体积
动漫,天空,英语,英语,区别,张雪峰,手把手,教,规划,复习
三乐大,掌柜,学堂,考,考,年级,教版,课程,学,吃亏
叶子,笑笑,ps,教材,炫酷,扭曲,海报,制作,学
芥末,堆,GET2019,教育,科技,求知,创新,复合,素质,培养
芥末,堆,GET2019,教育,科技,求变,少儿,编程
知识,殿堂,长方形,体积,算
知识,分享,计算,行列式
译学馆,涨,姿势,丨,霓虹,灯光,制作,方法,点亮,圣诞树
三乐大,掌柜,学堂,初中,估算,根号,近似,数,精确
知识,殿堂,开,淘宝,店铺
梨,视频,百炼成钢,清华,新生,军训,结业,展现,独有,风采
知识,殿堂,cad,布局,图,导出,模型
梨,视频,军训,神器,高校,卫生巾,鞋垫,天,销量,千,男生,购买,占
知识,分享,请问,word,图片,提取,保存,方法
范,大姐,帮忙,高校,天价,热水,吨,元,学生,配,洗澡
知识,抢先,学,接待,客户,流程,礼仪
课缘,教育,ps,抠图,教程,PS,基础,教程,PS,学习,教程,PS,视频,教程
三乐大,掌柜,学堂,天津,数学,真题,做,学霸,方法
爱,爱,走,好不,零,基础,学习,ps,快速,眼睛,留,痕迹
知识,分享,兄弟,英语,读,写
点睛,数学,必胜,专栏,章,数,运算,考点5,简便,运算题,裂,项,法题型
知识,殿堂,措施,项目费
认输,代表,懦弱,传销,洗脑,先,搞清,传销,理论
知识,分享,抛物线,顶点,坐标
知识,课堂,激活,社保卡,带,证件
知识,殿堂,平常,心态,感悟
知识,殿堂,总线,原理
知识,殿堂,导数,公式,逆向,表达
知识,课堂,PS,里,复制,快捷键
动漫,天空,张雪峰,老,高考,美丽,误会
点睛,数学,必胜,章节,图形,考点4,割,补法,解图,形题
小学,数学,园地,年级,数学,课堂,辅导,课,期中,复习,出,留意
噗啾,小点,新,迷惑,面试,件,快乐,期
爱上,恋爱,学,女生,说,胖,男生,回答,告诉,万能,答案
梨,视频,高校,军训,汇演,反恐,演练,医学院,新生,现场,救护
纪实,72,小时,中国版,第2,季,官方号,买买买,爽,年轻人,花钱,真实,心理,揭秘
知识,殿堂,Word,删除,页眉
知识,殿堂,ps,模糊,工具
知识,分享,傅,里,叶级数,展开,公式,算
人文,清华,清华,教授,张明楷,未成年人,犯罪,处罚
小学,数学,园地,数学,年级,奥数,辅导,培优,课堂,学会,列表,方法,解决,推理
动漫,天空,李玫瑾,现实,生活,痛苦,迷茫
三乐大,掌柜,学堂,知,m+n=2,mn,p05,求,mnp三,未知数,方程,解
点睛,数学,必胜,专栏,章,数,代数,考点2,整数,倍数,型
三乐大,掌柜,学堂,竞赛,数字,填,圆圈,直线
知识,分享,请问,尺子,英语,说
知识,殿堂,摩尔,体积,质量,摩尔,质量,关系
新京报,听障,学生,手语,唱,国歌,庆祝,新,成立,周年
知识,课堂,原子,区别
知识,课堂,区分,重点,关系
动漫,天空,李玫瑾,教授,家长,孩子,带来,心理,伤害
知识,分享,美式,英式,英语,区别
三乐大,掌柜,学堂,简便,计算,学霸,老师,巧用,律,没,思路
梨,视频,生无可恋,开学,父母,架进,学校,刹车,阻止
造就,总,陷入,痛苦,解决,造就,x多芬
知识,殿堂,请问,度
职风,范,身在,职场,职场,储备
科技,全,解码,费立鹏,国内,心理,卫生,健康,教育,水平,提高
知识,殿堂,微波炉,判断,磁控
三乐大,掌柜,学堂,公务员,考试,常识,成语,破釜沉舟,出自,次,战争
leo,张,大志,问答,年轻人,进,公司,公司
故梦,旧忆,老板,光,速度,决策力
自在,飞花,轻似,羽,奇妙,汉字,留学生,运气,猜,字,猜到
观察者,网,电话,行业,时期,深受,直,男癌,影响
部落,宝石,科普馆,数学,道,行程,做
光哥,经验,分享,学会,招,空手套白狼,年入,百万
德义,带,八卦,职场,江湖,懂,职场,规则,结局,真的
知识,分享,英语,字母,写,快速,教学
知识,殿堂,专业,考研,方向
知识,分享,PDF,转换,成,图片
知识,殿堂,汉语,拼音,声调
知识,老,课堂,具备
兰州,广电,爱兰州,知青,叶辛,做客,金城,讲堂
全景,财经,银华,基金,苏冲,ETF,基金,套利,策略
新京报,赚,快钱,政法,公务员,辞职,运毒,带毒,余,克,判,死缓
知识,殿堂,考研,初试,成绩,查询
知识,课堂,图片,水印
知识,课堂,英语,考试,成绩,查询
认知,一刻,接待,客户
傻瓜,英语,主动,老师,学习,学生
阿君,谈,职场,教育,职场,说,执行力,执行力,缺失,原因
霓裳,月曲,校,学生,老师,穿,校服,严肃,批评
三乐大,掌柜,学堂,难,幂,运算,求值,利用,解题,规律
政,电视台,期,政和谈
知识,分享,word,添加
知识,分享,指纹,考勤机
小学,数学,园地,年级,数学,学习,微,课堂,利用,律,知识,解决
点睛,数学,必胜,章节,图形,考点3,活用,公式,解图,形题
薄海,纸鱼,薄,海纸,鱼解,说,终于,包迪,老师,尺子,学生,屁屁
知识,分享,图片,容量,缩小
乡村,爱情9,梦想,外国,留学生,拜师,学艺
梨,视频,萌娃,问,祖国,爸爸,浙江,校长,全校,征集,答案,尊重,孩子,思考
TED,演讲,TED,心脏,衰竭,秘密,开创性,干细胞,研究
知识,课堂,汉语,拼音,字母u,书写,方法
知识,课堂,区别
阿三,游,天下,外国,老师,脑洞,学生,创,奇葩,方式
知识,殿堂,健康,考
萌人,教育,令,心动,offer,职场,脱颖而出
三乐大,掌柜,学堂,公务员,考试,常识,红娘,出自,古典
小学,数学,园地,年级,奥数,辅导,课堂,车长,加桥长,火车,关系
乐器,空间,乐器,空间,推荐,演讲,李红育,音乐,教培,行业,痛点,解决,方案
小学,数学,园地,年级,数学,课堂,辅导,年龄,年龄,差不变,理解
知识,课堂,例子,排列,组合,公式,计算
杨艾伦,课堂,句,英语,句子,背,系列
樊,登,读书,职场,集锦
知识,分享,开关盒,ON,OFF,接线
潮,数据,毕业,学生,爱,企业,央企,数据
知识,殿堂,圆,周角,圆心角,关系
一刻talks,贾晓萌,跑,场,马拉松
知识,殿堂,办法,教,年级,拼音,声调
三乐大,掌柜,学堂,年级,找,规律,位,朋友,答,速度,快
梨,视频,宿舍,秒变,LED,高校,学生,灯光,拼字,表白,祖国
知识,课堂,电灯,开关,安装,方法
知识,分享,球体,体积,计算
梨,视频,重庆,业内,谈,博物馆,规范,政府,指导
三乐大,掌柜,学堂,道,条,求,面积,巧妙,海伦,公式
三乐大,掌柜,学堂,山东省,公务员,考试题,知,数字,规律,括号,填入,数字
三乐大,掌柜,学堂,差倍,支,铅笔,支数,钢笔,倍
TED,演讲,TED,短片,知识,带来,幻觉,更,危险
小学,数学,园地,数学,年级,奥数,学习,微,课堂,家长们,简单,理解
知识,分享,取,外国
二十八号,阳光,课堂,女,学生,母亲面,跳楼
新华网,客户端,话,位,父亲,全国,观众,写,封,电影,家书
孙,逸豪,视频,空间,江苏省,泰州,届,校运会,女子,米,团体赛
颓然,难抚,学习,时,坐久,试试,组,放松,运动,办公室,教室,做
三乐大,掌柜,学堂,叠,放,求,阴影,面积
云逸,书院,锻炼,提升,学习
小豆,电工,知识,电路图,电工,线路图,画,轻松,电路图
百姓,关注,祖孙,句,承诺,传递,特别,温暖
知识,抢先,提高,团队,凝聚力
知识,课堂,找出,表格,数字
知识,分享,账面,价值,账面,余额,区别
大洋洋,句,英语,句子,背,系列
超新星,全运会,第2,季,女生,挎跳,男生,夏,光,刘,赵
三乐大,掌柜,学堂,数学,老李,女儿,老大,岁,老二2,岁,半,老三几,岁
知识,殿堂,监理,工程师,资质,考
梨,视频,拼,宿管,吊针,迎新,学生,熬,药,炖,鸡汤,干妈
职风,范,毕业,找,做,选择,情况,找
知识,分享,Excel,快速,获取,函数,信息
知识,殿堂,编制,编制,区别
知识,分享,切,平面,方程,样子
知识,分享,线,电压,相,电压,区别
知识,课堂,电脑,关机,回,事
小豆,电工,知识,点动,混合,电路,接线,步骤,讲解,运行,演示
小学,数学,园地,年级,数学期,复习,辅导,女生,单位,统一
知识,殿堂,英语,难度
知识,殿堂,普通话,证书,丢,查询,证书,编号
新京报,落后,生,网红,战略家,指点,努,努力
时间,视频,超燃,高校,学生,花式,表白,祖国,高声,祝福,生日,快乐
知识,分享,落体,公式
晓白,聊,动漫,女生,军训,玩,浪漫,告别,仪式,教官,整队,女生,扑倒
三乐大,掌柜,学堂,数学,难题,理解,信息,取出,BC,长度
知识,殿堂,Pr,水印,方法
小学,数学,园地,年级,奥数,辅导,提,优课,找到,串,数字,规律,求出,答案
易,校招,面试,技巧,真的,介绍
知识,分享,奖学金
巨海,成杰,说,事,机票,住宿,参加,场,免费,演讲
知识,课堂,excel,表格,复制,word
知识,课堂,研究生,报名,报考,单位
腾讯,新闻,财约,财约,丨南,开前,校长,副部级,教育工作者
小学,数学,园地,数学,年级,奥数,辅导,逆向,思维,解决,低中,年级,难点
三乐大,掌柜,学堂,公务员,行测,考试,真题,交响乐队,乐器,木管,乐器
知识,课堂,英文,字母,书写,格式,答案
掌闻,视讯,鬼畜甩,手速,算,场面,震撼,老师,挥,越凶,级别,低
小学,数学,园地,年级,奥数,学习,课堂,线段,图,理解,倍数
医生,障碍,心理,治疗
红星,视频,直播,Mazars,执行,合伙人,届,进博会
景彤,少儿,编程,项目,项目
知识,殿堂,数学,定义
人文,清华,清华,教授,唐诗,揭秘,杨贵妃,戴,香囊
知识,分享,全国,计算机,考试,C语言
令,心动,offer,突发,接见,委托人,李晨,蔡昆廷,紧张,手忙脚乱
令,心动,offer,谈,职场,礼仪,周,震南,应,强制,女性,穿,高跟鞋
爱情,分析师,平时,努力,应聘,难,成功,例子
小学,数学,园地,年级,数学,辅导,微课堂,条件,时,出发,解决
腾讯,游戏,数字,成都,站
爆蕉,奇闻,高校,新生,军训,模拟,实战,穿越,烈火,泥潭,堪比,战争
g雏,范,物欲横流,时代,记住,荣誉,嘲笑,追逐
幼师,教师,资格证,结构化,面试,试题
动漫,天空,李玫瑾,教授,家长,孩子,教育,情感,教育
张雪峰,老师,考研,英语,词汇
小学,数学,园地,数学,年级,奥数,学习,辅导,解题,关键,抓住,苹果,总,变
小学,数学,园地,数学,年级,辅导,课堂,质,方法,解决,点,蜡烛
知识,殿堂,施工费
知识,分享,页脚,时间,设置
深漂,职场,频繁,跳槽,真的,习惯,终究,毁
南国,书雁,领导,加薪,技巧,实用,收藏
三乐大,掌柜,学堂,竞赛,m+n+mn=32,求,m05,n05,学霸,老师,教,解题,思路
PS,高手,速成,ps,快速,光线
梨,视频,份,百,新生,帮,做,家务,女生,首次,做饭,感叹
知识,演讲,应届,毕业生,找
新京报,航拍,怒江,拐时,坠落,消防,搭人,梯断,崖上,救出,迷途,飞手
梨,视频,福利,高校,食堂,发,张,免费,餐券,点4,菜,汤
梨,视频,课,杜甫,诗史,首写,家愁,国难
中国,网,资讯,女生,敬礼,泪别,军训,教官,喊,喊,声音,嘶哑
三乐大,掌柜,学堂,学期,末考,试题,学霸,送,吃力
三乐大,掌柜,学堂,数学,提高,整除,知识点,想,步骤,做,麻烦
三乐大,掌柜,学堂,年级,老师,讲课,循循善诱
宏点,剧场,工作室,加,笔,字,博士生,傻,答出
三乐大,掌柜,学堂,脑力,测试,支,蜡烛,燃烧,吹熄,支,剩,支
三乐大,掌柜,学堂,数学,明白,孩子
知识,殿堂,图片,加,水印
时间,视频,西南,政法,富二代,学生,开迈,带,佣人,知情,学生,谣言
静静,S,王,爱,生活,游戏,wps,表格,快速,拆分,填充,数据,方法,办公,技术,简单,易学
知识,课堂,利用,ppt,快速,制作,云,效果
家长,育儿,轻松,幼儿园,老师,集体,职业,装,表演,吸引,众人,关注
小学,数学,园地,数学,年级,学习,课堂,学,计算,估算,方法,求解
梨,视频,高校,军训,服神,似,马里奥,学姐,马里奥,抢饭
梨,视频,高校,指,强制,电子厂,实习,回应,称,非,强制,系,学生,误解
精选,年龄,成功,机会,关系,TED
时间,视频,河北,高校,天价,宿舍,入住率,低,学校,须,公寓,赔钱
秋梦,谈古,区别,长,见识
夫子,说,历史,倾倒式,画法,教,学会,技巧,轻松,学会
小学,数学,园地,年级,奥数,课外,辅导,课,差,倍,关系,移,补,少,知识
HR,人力,资源,管理,高效,激励,敬业,期,员工,法则
三乐大,掌柜,学堂,竞赛
梨,视频,新生,排,长龙,泪别,军训,教官,训练,特别,狠,舍不得
南京,全,资讯,岁,孩子,散瞳,说法,错
动漫,天空,医学,学硕,适合,考,听,张雪峰,专业,乱报
精彩,点评,樊,登,演讲,孔子,教,领导力,原因
缘,誓,守,初心,担,主题,教育,专题,党课,开讲
敢,举报,忍,Windows,XP,Home,Edition,Service,Pack,匈牙利,安装
抖芽,视频,学生,考试,考试,快速,写字,学渣,做出,写字,神器
三乐大,掌柜,学堂,学霸,老师,渣子,生,受益匪浅
梨,视频,袁隆平,出席,湖南,农大,开学,典礼,学生,追星,现场
1905,电影网,王锵,演绎,双子,传递,角色,表达
新京报,海尔,回应,员工,午睡,开除,时间,公众,接待,场所,睡觉
沙漠,里,绿茶,月薪,万,岗位,毕业生,python
梨,视频,高校,广场舞,社团,纳新,难,社长,学生
抖芽,视频,食堂,体育,成绩,学生,前,做,体育,运动,真逗
游戏,翮翰,p图,ps,冷门,实用,技巧,学会
一手,Video,飞行,专业,体验,开,飞机,毕业,直入,航空,公司
知识,课堂,填报,国家,专项,计划
三乐大,掌柜,学堂,数学,学生,头绪,技巧
三乐大,掌柜,学堂,道,竞赛,学生,答案,解题,写
知识,分享,电路,跳闸,原因
梨,视频,美,教师,创,公益,课堂,爱,陪伴,学生,成长
数学,老师,函数,曲线,绘出,美图,学生,舍不得,擦,黑板
三乐大,掌柜,学堂,数学,年级,知识点,平均数,知识,表格,找到,规律
久品,视界,专访,慧心,济,创始人,宋,华民
红星,视频,直播,青神,师生,爱国主义,教育,活动,唱,歌唱,祖国
爱车,诺诺,问答,情报站
PS,高手,速成,ps,教程,灰蒙蒙,天空,蓝色
麒麟,编导,校园,霸凌,怪象,学霸,少,欺负,点
动漫,天空,李玫瑾,家庭,健全,家庭,教育,健全,听完,受益匪浅
一刻talks,职场,核心,竞争力
龙江,新媒,专业,操作,勿,模仿,湖北,医学生,备战,考研,扎针,提神,醒脑
三乐大,掌柜,学堂,脑力,测试,年龄,家长,读,懂,含义
通海,广播,电视台,街道,聆听,国旗,演讲,祖国,共,奋进
TED,演讲,TED,蜜蜂,创纪录,速度,走向,灭绝,杀害
爱,棋道,围棋,教育,王,煜辉,职业,段,孩子,学,围棋,前,家长,关心
谈笑,间,写,拖延症,写,时间,观念
芥末,堆,GET2019,教育,科技,新型,融合,课程,设计,方案
创战,创战,丨,短短,年,融资,数十亿,李诞,公司
梨,视频,初中,女生,晕倒,路过,医生,急救,醒
知识,殿堂,word,存为,方法
小学,数学,园地,年级,数学,奥数,辅导课,关系,转化,成,倍数,关系,解
时间,视频,超拼,学生,拔河,班主任,手势,夸张,扎马步,学生,加油
梨,视频,独特,迎新,方式,高校,学长,学姐,穿,汉服,吟唱,诗词
暮光,王,座,科普,视频,心源性,猝死
知识,殿堂,cad,图形,居中
1905,电影网,杜江,出席,教育,A山,节考,学习,敬业,精神
新京报,湖南,农大,开学,典礼,变,追星会,袁隆平,出席,引发,轰动
蜂涨,知识,面试,面试官,出
纪实,72,小时,中国版,第2,季,官方号,格子,间,里,默契,时代,悄悄,犒赏,学习
津云,客户端,职场,德,更,司马光,资治通鉴,早已,答案
励志,youth,励志,演讲,艰难,时光,长久,坚强,走到
知识,分享,AltiumDesigner,抬头,信息,显示,隐藏
知识,分享,Excel,修改,背景,颜色,尺寸
视,视频,saas,入局,教育,行业,更,教育,发展
中国,网,文化,高校,教室,装,神器,学生,玩,手机,学生,提高,学习,效率
天一,小窝,李昌钰,博士,演讲,My,Life,Experience,全程
知识,殿堂,实验室,制,氨气,方法
三乐大,掌柜,学堂,教版,英语,年级,课,坐,飞机,英语
梨,视频,杭州,高校,寝室,住,兵哥哥,叠,成,豆腐块,镜子
阿君,谈,职场,教育,职场,建立,职场,信任,职场,信任,必要性
梨,视频,河北,山区,仅,学生,参加,校运会,项目
梨,视频,学校,高校,师生,新生,庆生
小学,数学,园地,年级,数学,学习,课堂,理清,数,变化,关键
麦科,文化,蜘蛛,独立,捕食,吃母,蜘蛛,奶,哺乳动物
造就,松鼠AI,创始人,教育,反人性,孩子,爱上,学习
朴素,鹏哥,职场,说,勾心斗角,值得,交往
昌黎,讲,计量,医院,厕所,传来,孩子,哭声,诡异,诡异,真相
长春,广播,电视台,保安,领,全,校,跳魔性,课间操,学生,特别,带,劲儿
红星,视频,直播,薪火,相传,千年,光,翁石室,前世今生
清晨,明露,客户,说,急,清露,告诉,方法
三乐大,掌柜,学堂,次方,次方,运算,方法
文艺圈,游戏号,成熟,事情,听,李玫瑾,教授,说完,真的,长,知识
梨,视频,学生,军训,尾声,表白,教官,希望,男子汉
商悟社,抢走,客户,老板,差点,开除,职场,错误,犯
知识,殿堂,word,设置,段落
知识,课堂,高考,志愿,填写
梨,视频,超燃,军训,汇演,女生,花式,列队,拼出,梦,震撼,表白,祖国
点睛,数学,必胜,章节,图形,考点9,图形,探究
iWeekly,周末,画报,潮语,热剧,轮到,学
新京报,沈阳,老师,新增,孝亲,假,亲子,假,月,休,天
知识,课堂,excel,绘制,散点,图
知识,殿堂,请问,春,词语,字
知识,殿堂,ps,批量,图片
三乐大,掌柜,学堂,初中,竞赛题,图,方形,求,阴影,面积
新京,报动,新闻,河南,回应,老师,学生,吃,垃圾,涉事,老师,刑拘,校长,免职
知识,课堂,ps,羽化
知识,殿堂,CAD,尺寸
知识,课堂,说,回答
大洋洋,英文,常用,句,话,肯定
蘑菇球,mm,回乡,创业,怀疑,积蓄,重获,信任
小学,数学,园地,数学,年级,奥数,课外,辅导,提优,消去,方法,求出,量,单价
知识,分享
知识,殿堂,cad,快捷键,设置
刺猬,实习,职场,情报局,全球,知名,巨幕,电影,技术,公司,体验
知识,殿堂,系统,学习,英语,语法
知识,课堂,直述,句,换,转述,句,改
知识,分享,ppt,设置,母版
知识,课堂,Ps,裁剪,图片,方法
迷离君,颜,班主任,忍不住,嘲笑,笑到
梨,视频,外媒,盛赞,体育,强国,建设,纲要,全民,健身,学习
梨,视频,走心,开学礼,高校,送,位,新生,实名制,饮料,学姐,嫉妒
趣事,快,谈,写,字,写,张,废纸,毛,钱,回来
梨,视频,开学,父母,架进,学校,刹车,阻止
迷离君,颜,超魔性,甩头舞,学生,称,音乐,社会
三乐大,掌柜,学堂,学习,年级,课程,刚,家长,责问,听,懂
知识,殿堂,电机,电线
孙,逸豪,视频,空间,江苏省,泰州,届,校运会,花絮
知识,问答,说,周,写
三乐大,掌柜,学堂,湖北,模拟,求,阴影,面积,学霸,老师
知识,分享,excel,搜索,表格,简单,方法
时间,视频,舌尖,学霸,蛋糕,写,满,数学,公式,校园,风,蛋糕,走红
知识,殿堂,ps,钢笔,工具,硬,做
小学,数学,园地,数学,年级,奥数,提优,辅导,条件,出发,整理,解决
格调,小萌,军训,结束,哥哥,掰弯,哥哥,想想,害怕
孙,逸豪,视频,空间,省,泰,学年,开学,典礼
造就,教育,教育,反人性
三乐大,掌柜,学堂,年级,计算题,错误率,高,简单,计算,太,难,方法,误
刘氏,讲,电影,幻影,凶间,灵异,谢谢
三乐大,掌柜,学堂,数学,竞赛,高,次幂,学霸,老师,讲
精彩,点评,郭,继承,教授,舍,试问,敢,斩断
姐,霸气,驾驭,不住,ede,VBOX,软盘,安装,MS-DOS,安装,Windows,关联,东西
福建,综合,频道,第一,帮,帮团,融,媒体,工作室,介绍,简介
知识,分享,灯三,控,开关,安装
梨,视频,强制,教职工,捐款,元,教育局,学校,理解,错误,整改
三乐大,掌柜,学堂,初中,数学,选A,选项,A,疏忽
精选,升职,岗位,停滞不前
动漫,天空,张雪峰,否认,东北人,嘴,真服
知识,课堂,常,说,指
海丰县,广播,电视台,红色,演讲,鲜血,洒,革命路
知识,殿堂,旗煌,培训
知识,殿堂,限制性,定语,句,非,限制性,定语,句
知识,殿堂,路由器,设置,接
知识,分享,教师,资格,证考,方法
斑马,总动员,高考,辛苦,难,省
知识,课堂,形容,秋天,天气,英语,单词
时间,视频,扫地,成,高校,必修课,受,学生,学校,学,知识,课内,课外
知识,分享,幼师,资格证,考
三乐大,掌柜,学堂,高中,数学,复合,函数,初中生,做,涉及,知识点
知识,解答,面试,做,介绍
知识,殿堂,领导,规划,团队
PS,高手,速成,ps,彩色,水印,技巧,教
知识,殿堂,区别
萌人,教育,职场,领导,意见,表达
知识,分享,公务员,考试,学历
部落,窝,教育,ps,半,透明,抠图,技巧,视频,图层,混合,模式,合成,换,背景,清除,颜色
三乐大,掌柜,学堂,数学,年级,提高,考试,拔,高题,尝试,法
点睛,数学,必胜,章节,图形,考点2,底,高,倍数,法解,图形
三乐大,掌柜,学堂,公务员,考试,真题,句,诗,接近于,节气,节气,猜错
三乐大,掌柜,学堂,公务员,考试,常识,法律,面前,平等,国人,先,说,英国人
成武,事,梦,返乡,创业,天地,宽
小学,数学,园地,数学,年级,课外,提优,辅导,枚举,方法,数,平行,形
令,心动,offer,岳律,讲解,重点,常,回家,法律
三乐大,掌柜,学堂,初中,竞赛,求证,02,简单,算,难
知识,分享,商务,礼仪,礼仪
小学,数学,园地,数学,年级,课外,辅导,提,优课,理解,步数,关系,做
厚,大法,考,厚大,相约,主观
河北,青年报,震撼,河北,千,初一,新生,军训,豆腐块,铺满,全场
知识,殿堂,知识,双开,双控,开关,接线
三乐大,掌柜,学堂,高考题,函数,满足,关系,函数值
尘,脱口秀,回到,身上
知识,分享,新建,word,步骤
小豆,电工,知识,电路图,电路,实物,讲解,原理,解析
小学,数学,园地,年级,数学,辅导,课堂,期中,试卷,常,出
知识,课堂,氧化物,定义
秋梦,谈古,电脑,蓝屏,英文,英文
知识,殿堂,写
小学,数学,园地,数学,年级,提优,辅导,课堂,难,平移
iTopbook,微软,白板,Whiteboard,学习,更,高效
扒,卦,毕业,堂,课,老师,感觉,鼻子,酸
知识,课堂,Excel,表格,导出,word,表格
知识,分享,相,电表,接线,方法
知识,分享,数学,倍数,定义
绿,鲤鱼,知识,问答,培训,写
叶罗丽,小明,IP,交往,通行证
知识,能手,简历,模板,写
知识,殿堂,斜线,单,元格
动漫,天空,学硕,专硕,更,难,张雪峰,告诉,实情
TED,演讲,TED,科技,仅仅,脑,想法,逮捕
张雪峰,老师,央视,PK,火,考研,老师,嘴,吃饭,次,真的,丢人
二三,excel,制作,象棋,棋盘
具足,职场,套路,千篇一律,说话,技巧,职场,必备
三乐大,掌柜,学堂,数字,化简,教,办法,快速,找到,公约数
夫子,说,历史,画画,教程,适合,刚,学习,简单,基础
知识,课堂,设置,软件,破解
金蝶TV,胡季强,客户,健康,员工,幸福,道
三乐大,掌柜,学堂,初中,数学,竞赛,试题,讲解,辅助线,做好,求,角度
知识,抢先,学,介绍,模板,介绍,介绍
知识,分享,pr,导入,电影,方法
静静,S,王,爱,生活,游戏,Wps,教学,图片,学会
小豆,电工,知识,电路,出,压法,排查,电阻法,实物,测量,讲解
知识,分享,请问,读,懂,高考,满分
知识,殿堂,Excel,更改,图表,数据,系列
TED,演讲,TED,短片,治,惩罚,更,办法
ps,大咖,ps,快速,图片
点赞,创娱,甄执,学,职场,生存术,职场,智慧,懂
知识,课堂,公务员,考试,考,行测,申论
生活,迂兔,欢乐,ps,解决,存储,错误,技巧
知识,雯,雯,请问,秘书部,面试
知识,殿堂,找到,收藏夹,网址,保存
知识,分享,考生,选择,专业,方向
三乐大,掌柜,学堂,数学,老师,发现,段,年级,视频,讲,孩子,听,懂
三乐大,掌柜,学堂,数学,解方,程,找出,关系,行
知识,殿堂,热,载继,电器,设置,电流
小梗,旅游V,学历,学历,找,区别
孙,逸豪,视频,空间,省泰,邰F,老师,高一,课
千万,悦读,悦读,偷烧,热,金子,寓言
学,一手,ps,教程,ps,快速,换,衣服
三乐大,掌柜,学堂,期中,必,考题型,|x|=4，|y|=10,求x-y,值
高数,叔,高数,叔,英语,听力,通关,秘籍
知识,殿堂,ps,百分比,缩放,更改,成,尺寸,缩放
中公,网校,面试,男生,女生,穿,算
知识,分享,请问,平常,优秀,句,段
拥音,乐享,快乐,李玫瑾,亚成年,教育,重点,转折
三乐大,掌柜,学堂,数字,推理,找,规律,公务员,考试,典型,难度
孙,逸豪,视频,空间,江苏省,泰州,届,校运会,开幕式,升旗,仪式
贱贱,词,贱贱有词,开营
时间,视频,放心,高校,设,食品,检验室,学生,检验,食堂,饭菜
妈妈,咪育儿,帮,轰,声,孩子,成,火人,喷雾
梨,视频,课改,年后,湖北,赤壁,民办,年级,数学
熊孩子,高楼,抛下,袋,冰,家长,写信,户,邻居,道歉
乾创,商业,说,老板,唯一,商业,系统,学习,商业,规律
HitachiVantara,Hitcahi,Vantara,展区,参观
TED,演讲,TED,短片,心情,殃及,心脏,医生,答案
小学,数学,园地,年级,数学,课外,辅导,课堂,消去,方法,解题,学习
梨,视频,家长,教室,里,晕倒,老师,跪地,做,心肺,复苏,救回
梨,视频,女生,脚,骨折,师哥,主动,背,爬,楼
知识,殿堂,平行,区别
火眼,年薪,互联网,精英,转行,保险,推销员
励志,youth,励志,演讲,陷入,负面,情绪,走
g雏,范,父母,矛盾,教,方法,解决,生活
点睛,数学,必胜,专栏,章,数,运算,考点三,活用,运算,定律,性质,简算
知识,分享,国家,意外,概念
知识,分享,数学,函数,方法
三乐大,掌柜,学堂,整数,求,值,值
知识,分享,工频,变频,区别
小学,数学,园地,数学,年级,课外,奥数,辅导课,移多,补少,难,画图,理解
知识,分享,全,开纸,张大小,尺寸,word,设置
抖芽,视频,老师,学生,吸管,喝,饮料,吸,口,真
三乐大,掌柜,学堂,初中,数学,x,x次方,x,求x
哔哩,哔哩,搞笑,沙雕,宿舍,沙雕,怕,沙雕,住,窝,神仙,舍友
范,大姐,帮忙,复旦,开,门课,似是而非,教,学生,识破,伪科学
知识,课堂,倒数,数值,表达
凤仙郡,民生,列车,卫生,必修课,学分,满,毕业
保定,晚报,国际,工程院,院士,侯立安,演讲
HR,人力,资源,管理,赢得,业绩,利剑
知识,殿堂,EXCEL,表格,添加,斜框线
三乐大,掌柜,学堂,初中,数学,求代,数式值,算,先
拔河,老师,手,抓,空气,助威,网友,老师
三乐大,掌柜,学堂,数学,培,优题,方程,未知数
小学,数学,园地,年级,数学,奥数,课外,辅导,提优,巧妙,理解,盈亏
谈笑,间,扒拉,暖手宝,老师,穿,红色,衣服
腾讯,新闻,财约,财约,丨,全世界,机构,清华,北大,远在
知识,分享,英语,常用,口语
小豆,电工,知识,排查,电路,电路,排查
知识,分享,金融学,综合,考,东西
抖芽,视频,食堂,瓶,老师,方式,学生,太
动漫,天空,张雪峰,吐槽,报,志愿,崩溃
知识,课堂,见到,高兴,英语,说
放弃,吃,鸡,掌控,谈话,独孤,剑,商业,谈判,技巧
龙江,新媒,甩手,速算,老师,厉害,算,道题
小学,数学,园地,年级,数学,课外,辅导,提,优课,求长,方形,周长,关键,找到,长,宽
韬韬,知识,课堂,招聘,专员,面试,技巧
三乐大,掌柜,学堂,公务员,考试,常识,年,河东,年,河西,河,指
知识,殿堂,开,接线,方法
大宇,小星,钢琴,零,基础,快速,入门,app,快速,简单,曲子
造就,数据,知识,指
三乐大,掌柜,学堂,美国,田纳西州,数学,竞赛题,综合性,强,听完,学,做出,详细,步骤
趣弹,音乐,尤克里,里,卡洪鼓,零,基础,教程,课,音符,音符,节奏型
纳河,畔,左岸,咖啡,请,领导,喝酒,说,句,开场白,刮目相看
三乐大,掌柜,学堂,年级,数学,课堂,练,习题,错,求,解
三乐大,掌柜,学堂,公务员,考试,常识,封建,王朝,皇帝
三乐大,掌柜,学堂,数学,迷人,处,找,方法,方法,解
梨,视频,回乡,电商,创业,带动,村民,脱贫致富
知识,殿堂,c语言,学
知识,课堂,副教授,级别
小学,数学,园地,数学,年级,课堂,辅导,表格,求,平均数,知识
知识,课堂,字母,u,写,拼读
知识,分享,观察,曰,记,写,方法
明明,柠檬,影视,猜字,谜,字,胖妞,智商,终于
知识,殿堂,桥式,整流,电路
精选,安妮斯顿,圣裘德,研究,医院,演讲,女性,力量
三乐大,掌柜,学堂,数学,考试,必,知识点,立方根,平方根
抖芽,视频,美食课,考试,学生,做出,黑暗,料理,老师,吃坏,肚子
小学,数学,园地,数学,年级,学习,排除
动漫,天空,张雪峰,找,学历,越,早,越
动漫,天空,孩子,岁,听,李玫瑾,受教
认知,一刻,写
功夫者,肚皮,吸碗,教程,丹田气
二维,时尚,困于,心中,恐惧,脆弱
知识,殿堂,感叹,句
知识,课堂,年级,加减法,教学
知识,分享,远程,IP,方法
知识,分享,WPS,表格,设置,区域
知识,分享,写
动漫,天空,复旦,陈果,局外人
三乐大,掌柜,学堂,公务员,括号,填,找,规律
三乐大,掌柜,学堂,初中,奥数,尖子,生,典型,精选,基础,知识,尝试,做
TED,演讲,TED,绘制,出,星系
三乐大,掌柜,学堂,初中,难,方程,未知数,求解,尖子,生
梨,视频,馋,高校,国际,节变,美食节,学生,吃遍,国,美味
知识,分享,wps,格式,刷
知识,分享,增值税,专用,发票,遗失
王者,荣耀,北笙,北笙,课堂,双,排,阵容,推荐,选,强强联合
喵,传人,香港,芬兰,年级,夜晚,玩有,做
点睛,数学,必胜,章节,运算,考点8,解方,程,解
知识,课堂,计算机,考试,考
令,心动,offer,职业,信念,papi,聊,拍,短,视频,服务
令,心动,offer,岳律,律师,情,法,平衡,加油团,选,邓,冰莹组
三乐大,掌柜,学堂,美国,数学,竞赛,添加,条,辅助线,解答,学霸,束手无策
令,心动,offer,律师,评价,王律,评何,运晨,律师,律师们,意见
深漂,女性,职场,弱势,职场,男女,平等
知识,殿堂,PS,放大,缩小,快捷键
梨,视频,广西,北流,高中,学生,齐聚,操场,躲避,学校,演练
一手,Video,安徽,高校,新,设,殡葬,专业,校方,学生,刚,入学,预定
知识,课堂,数学,考试,秘诀
暴雨,乐驭,浪,必备,税种,干货
探索,狮,零售,手下,导购,店长,店长,课
三乐大,掌柜,学堂,年级,奥数,水,升,天,升,天
知识,抢先,学,行政,包括
三乐大,掌柜,学堂,数学,培,优题,学生,做,没,弄懂,解题,技巧
张超,音乐,产业,发展,报告,生态,建设,成,音乐,产业,发展,主流
敢,举报,忍,Windows,XP,Home,Edition,Service,Pack,安装
动漫,天空,李玫瑾,身边
小豆,电工,知识,电机,功率,选择,接触器,W电机,配,接触器
小豆,电工,知识,继,电器,控制,V接,触器,接线,步骤,讲解
爱,科技号,电脑,PS,男子,成,老年人,岁月不饶人
遇见,高能,面经,机智,应答,缺点
时光曲,沙画,届,学生,真,调皮,女孩,军训,唱,黄龄,痒,男,坐
梨,视频,高校,辅导员,花式,查寝,学生,凹,表情包,拍照,黑,家人,爱
新京报,翻译,错误,频出,影响,沟通,孙杨,听证会,更换,翻译,团队
三乐大,掌柜,学堂,CE,求,图,梯形,面积,送
明哥,聊,求职,终极,目标,进
小豆,电工,知识,PL,C梯,形图,电路图,区别,实物,讲解
知识,殿堂,ps,磨皮
知识,殿堂,行政,专员
认知,一刻,综合,评价,写
知识,殿堂,氢气,验纯,方法
知识,分享,ppt,插入,背景,颜色
冷兵器,研究所,军训,帅,教官,喜欢
强,知识,身份,填写
纽斯特,心理,职场,处事,方式
娱乐,天使,年级,箱,饮料,瓶,买,箱,钱
知识,殿堂,健康,报名
南宁,电视台,南宁市,幼儿园,宣传片,视匠,水印
点睛,数学,必胜,章节,图形,考点8,立体,图形,计算
知识,课堂,制作,张,淘宝,主图,白底,图片
橙,MBA
梨,视频,学生,军训,集体,月学,狼,喵喵喵,教官,激励,热情
点睛,数学,必胜,专栏,章,数,代数,考点五,规律
三乐大,掌柜,学堂,技巧,先,通分
知识,分享,申请书,写
鹿其说,相机,理由,告诉,拍摄,胶片
知识,分享,拼,音节,拼读,方法
三乐大,掌柜,学堂,河北,考题,求根,公式
小学,数学,园地,数学,年级,辅导,提,优课,找,方法,计算,做
腾讯,新闻,问答,时光机,时光机,丨,关系,甜蜜,真话
小学,数学,园地,年级,数学,辅导,提,优课,出,漏掉,轻松,解题
知识,课堂,特招,教师,招教,教师
人文,清华,工程院,院士,钱易,顾颉刚,钱,穆,知遇之恩,懂得,做,老师
知识,殿堂,职场,孤立
三乐大,掌柜,学堂,年级,数学,数学,唬人,实际上,数学,学会
箴言,微熏,校园,年级,跳,海草舞,女孩,班长
三乐大,掌柜,学堂,数学,附加题,期中,考试,真题,孩子,没,思路,讲
三乐大,掌柜,学堂,质数,利用,初中,知识点,答案
梨,视频,舞蹈,老师,抽脂,昏迷,进,ICU,主刀,医生,停职,卫健局,立案,调查
知识,殿堂,专科,考上,条件
厚,大法,考,法考,主观,包括,热点,新规,呦
知识,分享,长方形,面积,算
三乐大,掌柜,学堂,年级,简单,计算,难倒,家长,难点
知识,分享,学信网,学历,验证,做
一刻talks,员工,舍不得,办公室,座,乌托邦
小豆,电工,知识,电路,跳闸,报警,电路,接线,步骤,讲解,运行,演示
科学,大院,成立,年,年,做
知识,分享,直角,画,学会
罗罗,知识,请问
知识,课堂,复数,意义
安徽,海豚,播报,集体,甩手,速算,算,道题
三乐大,掌柜,学堂,计算,印度,算术,方法,画线,段,竖式,简单
三乐大,掌柜,学堂,公务员,考试,常识,抗日战争,爆发,卢沟桥,事变,年
点睛,数学,必胜,章节,图形,考点3,活用,公式,解图,形题
黄,港,鬼步舞,老歌,健身操,学生,带,跳,瘦身,健康,心情
知识,课堂,区别
知识,分享,数字,田字格,写法
知识,分享,计算机,系统
Excel,每日,精选,计算,带,单位,数值,学会,招,轻松,算
知识,殿堂,请问,描写,春夏秋冬,成语
三乐大,掌柜,学堂,公务员,考试,真题,求
娱乐,笑,谭,职场,学会,奋斗,年
娴院,娴院,演讲,王京燕,陶寺,北,周,墓地,考古
锐图,学霸,姐姐,校花,选秀,狂解,奥数
知识,解答,费用,报销,流程
贺州,城事,聆听,红色,感悟,初心
经典,八卦,苏,老师,说,企业,客户,成长,客户,需求,持续,赚钱
熊猫,熊,ps,扣图,换,天空,快,方法,需,步
张雪峰,老师,老师,幼儿园,投毒,死,伤,说,原因,气炸
知识,殿堂,电脑,软件,CAD,菜单,栏
梨,视频,沈阳,拆散,黑天鹅,情侣,剧情,反转,系,高校,私奔
梨,视频,宿管,回应,禁止,学生,宿舍,装,床帘,发现,隐患,劝导
梨,视频,实力,宠,学生,考前,月,高校,发放,考研,专用箱
令,心动,offer,晨组,汇报,委托人,诉求,变化,优先,私下,调解
令,心动,offer,实习生,律师,私服,出街,李,浩源,请假,缺席,法援,课题
PS,高手,速成,ps,快速,风景
喜欢,春天,ppt,快速,插入,框
Battle派,晚,拒绝,父母,孩子,成绩,执念,教育,减负,痛点
姐,霸气,驾驭,不住,ede,Adobe,Audition,CS6,汉化,程序,v1.02,修正版,安装,方法
小学,数学,园地,数学,年级,提,优,辅导,拼,成,长方形,周长,变,少
三乐大,掌柜,学堂,年级,数学,提升,适合,提高,孩子,思维
三乐大,掌柜,学堂,智力,头绪,解题,条件,隐蔽
TED,演讲,TED,家暴,受害者,伤心
梨,视频,高校,食堂,现吴,黄磊,拌面,学生,狂,call
抖芽,视频,学生,考试,图,猜,成语,学渣,胡编乱造
三乐大,掌柜,学堂,竞赛,安徽省,竞赛题,求,奶奶,妈妈,年龄
云梦,说,搞笑,弱点,唯一,公司,里
三乐大,掌柜,学堂,数学,知,数,求,数,平方
芒辰,互联网,双创,系列,访谈,启迪,星,郭,荣翔
知识,殿堂,深色,模式,设置
福建,综合,频道,第一,帮,帮团,高考,听,北京,学霸,讲述,学习,方法,捷径
动漫,天空,复旦,陈果,问问,心,件,事
一刻talks,陆荣涛,程序员,青春饭,思维,帮,解决,职业,生涯,bug
知识,课堂,请问,串联,区别
三乐大,掌柜,学堂,初中,易错,考场,说,参照,答案,错误
喵,传人,初三：6点,做操,跑操,回,宿舍,天刚,刚亮,洗漱,吃饭
转角,爱聊,娱乐,教资,面试,常,问
三乐大,掌柜,学堂,学会,手动,开,平方,朋友,面前,秀,技巧,值得,收藏,学习
范,大姐,帮忙,系列,教育,专题,听,爷爷,讲,集
梨,视频,高校,食堂,提示,禁,穿,白,学生,担心,细菌
三乐大,掌柜,学堂,公务员,考试题,位,著名,画家,擅长,画,虎,齐白石
三乐大,掌柜,学堂,公务员,考试题,资治通鉴,体例,历史,编年体
知识,分享,网络,学会,招
小学,数学,园地,年级,数学,课堂,辅导,课,思考题,找到,倍数,关系,轻松,解题
清晨,明露,电话,资料,没,客户,情况
知识,殿堂,笔记本,网络,找
人文,清华,清华,教授,钱易,教育,应
令,心动,offer,实习生们,选出,案子,课题,报告
知识,殿堂,爸爸,英语,单词,说
全能,知识,性格,评价,写
知识,分享,cad,阵列,方法
梨,视频,花式,祝福,体育生,接力,跑,公里,表白,祖国
知识,殿堂,访问,internet
中国,网,资讯,女生,宿舍,楼下,男朋友,网友,加,间,休息室
知识,分享,线,电压,相,电压,区别
知识,殿堂,函数,概念
知识,课堂,品牌,云盘
点睛,数学,必胜,章节,图形,考点3,活用,公式,解图,形题
首都,女,新闻,工作者,协会,数,描君,国庆节,方式,回放
知识,殿堂,交流,接触器,接线,方法
知识,分享,拼音,m,笔顺,写
知识,殿堂,子曰学,思,罔
知识,课堂,教,孩子,年级,数学
知识,殿堂,常见,方法
知识,殿堂,数位,计数,单位
知识,课堂,直线,折旧法,计算,方法
知识,抢先,学,调查,报告,格式
知识,殿堂,期间,报考,证书
知识,课堂,请,问带,戴,区别
知识,殿堂,链信
三乐大,掌柜,学堂,数学,脑力,测试,积是,求,值
知识,课堂,角,数值,公式
傻瓜,英语,带到,学校,神秘,礼物,老师,屁滚尿流
点睛,数学,必胜,专栏,章,数,代数,考点,原理
知识,课堂,数学,体积,单位
小学,数学,园地,年级,奥数,辅导课,画线,段,图,发现,年龄,解决,方法
三乐大,掌柜,学堂,数学,计算,猜,答案,解答,步骤,写
三乐大,掌柜,学堂,趣味,奥数,动动,脑筋,求,出,圆,代表
三乐大,掌柜,学堂,竞赛,积为,求,数
南京,全,资讯,南京,玩,新,花样,!,跑班,制,学校,做
三乐大,掌柜,学堂,考填,空题,求,出,方程,解,掉入,陷阱,回,事儿
三乐大,掌柜,学堂,初中,全国,数学,竞赛,AB,AD相等,图形,面积,求BC,CD
点睛,数学,必胜,专栏,章,数,代数,考点
三乐大,掌柜,学堂,年级,数学,幼儿园,刚,懂
京东,校园,星,开,演界,表演,表情包,指南,减少,沟通,障碍
重庆,吃喝玩乐,猪屁登,爸爸,寒假,写
梨,视频,奖学金,公布,学霸,跪
新京报,衡阳,老师,涉嫌,猥亵,未成年,女生,刑拘,女生,轻生
动漫,天空,李玫瑾,教育,孩子,受教
三乐大,掌柜,学堂,眼力,测试,图,藏,字,秒,找,肯定,视力,超群
终身,学习,微,课堂,李强,老师,演讲,互动,调动,现场,气氛
知识,分享,a,声调,发音,发声
知识,分享,Excel,学习,取整,函数
大宝,ps,抠图,方法,方法,ps,教学,快速,抠,粉末,颗粒
三乐大,掌柜,学堂,初中期,试题,方法,简便,节省,时间
知识,殿堂,知识,殿堂,面试,时,问,职业,规划,回答
小豆,新手,电工,接,电路,学,电工,吃力,根根,教,接线,运行,演示
高数,叔,高数,基础,章,积分,定义
三乐大,掌柜,学堂,拔高,竞赛,求3,次方,次方,差
知识,殿堂,整数,计算,方法
知识,殿堂,开关盒,ON,OFF,接线
三乐大,掌柜,学堂,清华,招生,求,平方和,值,做
精彩,点评,白岩松,演讲,吃饭,维护,肉体,健康,读书,精神,健康
三乐大,掌柜,学堂,数值,超大,方程,解,初中,方法,高中
小学,数学,园地,年级,数学,奥数,辅导课,难点,单位,统一,转化
知识,分享,excel,表格,减法,弄,学会,招
抽离,时光,面对,面试官,提问,应聘者,选择,问,做
高数,叔,高数,基础,章,数列,极限,性质
知识,殿堂,汉语,拼音,韵母a,声调
知识,殿堂,安培力,方向,判断
话,请,亮牌,话,请,亮牌,丨,机械,版,李清照,见,写,出,诗
知识,课堂,出勤率,计算
三乐大,掌柜,学堂,公务员,真题,西游记,西天,位于
扒,卦,艺术,院校,新生,军训,休息,时秀,佩服
